loc,wmc,dit,noc,cbo,rfc,lcom,ca,ce,npm,lcom3,dam,moa,mfa,cam,ic,cbm,amc,max_cc,avg_cc,bug
343,12,3,0,7,46,0,1,7,12,0.613636364,1.0,0,0.592592593,0.208333333,2,2,27.25,7,1.75,1
479,27,2,0,13,80,193,3,13,21,0.814102564,1.0,0,0.6790123459999999,0.18148148100000006,1,6,16.51851852,2,1.037,1
9,2,4,1,2,4,1,1,1,1,2.0,0.0,0,0.857142857,0.666666667,1,1,3.5,1,0.5,0
110,5,2,1,7,13,0,2,5,4,0.4375,0.5,1,0.25,0.5,0,0,20.2,4,1.6,0
122,4,3,2,4,8,4,2,2,2,0.857142857,1.0,0,0.5,0.583333333,0,0,27.75,1,0.75,0
440,11,2,0,8,28,15,2,7,7,0.644444444,1.0,3,0.444444444,0.287878788,1,3,38.18181818,2,1.1818,1
373,7,2,0,6,30,1,1,5,7,0.0,1.0,0,0.14285714300000002,0.314285714,1,1,51.57142857,12,3.5714,0
498,16,2,0,15,55,98,1,14,4,0.833333333,0.75,2,0.44,0.296296296,1,3,29.875,7,1.5625,1
675,15,1,0,13,54,41,2,11,10,0.804761905,0.533333333,5,0.0,0.237037037,0,0,43.0,3,1.2,0
178,3,3,0,3,16,3,0,3,3,2.0,0.0,0,0.6,0.444444444,0,0,58.33333333,3,1.3333,1
1,1,1,0,21,1,0,20,1,1,2.0,0.0,0,0.0,1.0,0,0,0.0,1,1.0,1
98,3,3,0,5,17,1,1,4,2,0.5,1.0,0,0.75,0.75,0,0,31.0,1,0.3333,0
656,13,3,0,11,23,58,0,11,11,0.960526316,0.578947368,0,0.476190476,0.21969697,0,0,48.0,1,0.8462,0
106,7,3,0,5,13,15,2,3,7,0.333333333,1.0,0,0.5,0.514285714,0,0,13.85714286,3,0.7143,0
5,2,1,6,21,3,1,21,0,2,2.0,0.0,0,0.0,0.666666667,0,0,1.5,1,0.5,0
57,6,2,0,6,14,15,2,5,5,2.0,0.0,0,0.705882353,0.333333333,2,3,8.5,3,1.1667,1
420,12,1,1,11,23,16,2,10,8,0.670454545,0.875,4,0.0,0.197916667,0,0,32.66666667,1,0.9167,1
94,5,1,0,5,12,0,4,1,0,0.583333333,0.0,2,0.0,0.533333333,0,0,16.6,1,0.8,1
173,6,2,0,12,12,1,1,11,6,0.64,1.0,6,0.921568627,0.35,0,0,26.16666667,6,1.5,0
197,7,2,0,6,13,0,1,5,6,0.5,0.5,0,0.666666667,0.333333333,0,0,26.85714286,1,0.1429,0
342,13,2,2,9,34,0,2,7,6,0.6759259259999999,1.0,4,0.4,0.21978022,1,3,24.61538462,3,1.1538,1
106,2,3,0,8,11,0,2,6,0,0.0,1.0,0,0.952380952,0.571428571,1,1,51.5,1,0.5,1
147,6,2,0,9,28,0,1,8,6,0.0,1.0,1,0.705882353,0.333333333,2,3,23.33333333,4,1.5,0
16,3,2,0,5,6,3,1,4,2,2.0,0.0,0,0.833333333,0.5,1,1,4.333333333,1,0.6667,0
189,14,1,1,18,17,91,18,0,14,2.0,0.0,0,0.0,0.297619048,0,0,12.5,1,0.9286,1
15,4,1,0,11,6,6,10,3,3,1.0,0.0,2,0.0,0.833333333,0,0,2.25,1,0.75,0
17,3,2,3,4,5,1,3,1,1,0.5,1.0,0,0.666666667,0.666666667,0,0,4.333333333,1,0.3333,0
224,14,1,3,24,17,89,24,0,14,0.923076923,1.0,0,0.0,0.271428571,0,0,14.92857143,1,0.9286,0
437,19,1,0,18,51,145,12,6,15,0.920634921,0.28571428600000004,0,0.0,0.257309942,0,0,21.63157895,7,1.4737,1
340,9,2,0,9,32,0,1,8,9,0.291666667,1.0,2,0.6,0.259259259,2,3,36.44444444,11,3.0,0
61,2,3,0,8,8,1,2,6,0,2.0,0.0,0,0.952380952,0.583333333,1,1,29.5,1,0.5,1
16,2,2,0,4,3,1,3,1,2,1.0,0.0,0,0.0,0.875,0,0,6.5,0,0.0,0
13,2,2,6,7,4,0,6,1,1,0.0,1.0,1,0.666666667,0.75,0,0,5.0,1,0.5,0
764,14,1,0,12,51,67,1,12,8,0.641025641,0.666666667,2,0.0,0.4017094020000001,0,0,53.35714286,2,1.1429,1
67,7,2,0,8,15,0,0,8,6,0.5,0.5,0,0.666666667,0.333333333,0,0,8.285714286000001,1,0.1429,0
157,14,2,0,19,32,1,3,17,13,0.346153846,0.5,1,0.6875,0.202380952,1,3,10.07142857,1,0.7143,1
246,14,2,0,10,38,43,3,7,14,0.75,1.0,2,0.458333333,0.595238095,0,0,16.28571429,1,0.9286,1
280,10,3,0,13,42,7,1,12,9,0.638888889,0.5,0,0.72,0.28571428600000004,3,4,26.6,6,1.4,1
113,12,4,0,12,29,0,0,12,12,0.0,1.0,1,0.620689655,0.21969697,0,0,8.333333332999999,1,0.9167,1
15,12,1,3,35,13,66,32,3,12,2.0,0.0,0,0.0,0.875,0,0,0.25,1,0.9167,1
6,6,1,0,11,6,15,11,0,6,2.0,0.0,0,0.0,0.375,0,0,0.0,1,1.0,0
133,9,2,0,8,25,0,1,8,8,0.3125,0.0,2,0.6,0.222222222,2,4,13.55555556,4,1.2222,1
23,3,1,0,3,4,3,3,0,3,1.4375,0.0,2,0.0,0.5,0,0,4.0,2,1.0,0
1,1,1,0,5,1,0,3,2,1,2.0,0.0,0,0.0,1.0,0,0,0.0,1,1.0,0
15,1,1,0,3,4,0,3,0,0,2.0,0.0,0,0.0,1.0,0,0,11.0,0,0.0,1
10,2,2,0,3,4,1,0,3,2,2.0,0.0,0,0.666666667,0.666666667,0,0,4.0,1,0.5,0
87,1,1,0,3,1,0,3,0,0,2.0,0.0,0,0.0,0.0,0,0,68.0,0,0.0,0
18,1,1,0,2,2,0,1,1,0,2.0,0.0,3,0.0,1.0,0,0,12.0,0,0.0,0
2855,36,1,0,5,52,282,1,4,7,0.720300752,0.210526316,1,0.0,0.405714286,0,0,77.77777778,102,7.0556,1
302,15,2,0,9,43,0,3,7,11,0.589285714,1.0,0,0.461538462,0.191666667,2,3,18.86666667,6,1.8,0
49,6,3,0,2,14,0,1,1,5,0.0,0.0,0,0.807692308,0.333333333,1,2,7.0,1,0.8333,0
380,5,4,0,2,18,0,1,1,4,0.55,0.4,1,0.8666666670000001,0.4,1,1,74.0,14,4.8,1
152,9,1,0,13,16,0,13,0,9,0.6,0.2,0,0.0,0.518518519,1,1,15.33333333,3,1.1111,1
409,9,2,0,10,32,0,1,9,7,0.545454545,1.0,2,0.5,0.28571428600000004,1,3,43.22222222,2,1.0,0
1039,18,1,0,21,93,0,1,21,0,0.7019607840000001,1.0,8,0.0,0.188888889,0,0,55.88888889,1,0.8889,1
1200,40,2,0,29,123,576,6,26,19,0.8838612370000001,0.470588235,8,0.591397849,0.136752137,1,5,28.575,26,1.75,1
44,2,1,0,0,5,1,0,0,0,1.0,0.0,0,0.0,1.0,0,0,17.0,0,0.0,0
9,2,5,0,3,4,1,2,1,1,2.0,0.0,0,0.875,0.666666667,1,1,3.5,1,0.5,0
13,2,4,0,2,4,1,1,1,1,2.0,0.0,0,0.857142857,0.666666667,1,1,5.5,2,1.0,0
102,4,1,0,2,18,6,2,0,3,2.0,0.0,0,0.0,0.25,0,0,24.5,2,1.0,0
83,9,1,0,7,10,2,7,0,8,0.666666667,0.666666667,1,0.0,0.5,1,1,7.888888888999999,5,1.1111,0
237,12,2,1,7,33,0,4,4,6,0.545454545,1.0,0,0.421052632,0.283333333,1,3,18.41666667,2,1.0,1
5,2,1,3,20,3,1,19,1,2,2.0,0.0,0,0.0,0.75,0,0,1.5,1,0.5,0
330,8,1,0,1,29,16,0,1,6,0.14285714300000002,1.0,0,0.0,0.314285714,0,0,40.125,8,2.5,0
10,2,2,0,4,4,1,1,3,2,2.0,0.0,0,0.666666667,0.666666667,0,0,4.0,1,0.5,0
54,7,2,0,3,10,21,3,1,7,2.0,0.0,0,0.7,0.5,1,2,6.714285714,1,0.8571,0
186,11,1,0,33,19,41,33,0,10,0.6333333329999999,1.0,0,0.0,0.309090909,0,0,15.63636364,4,1.4545,1
285,11,3,0,8,42,0,3,6,10,0.45,1.0,0,0.615384615,0.22077922100000005,2,2,24.72727273,7,1.7273,1
2830,52,1,1,30,129,888,1,29,32,0.873873874,0.648648649,11,0.0,0.132730015,0,0,52.71153846,23,2.6731,1
128,12,1,0,58,21,0,58,0,9,0.13636363599999998,0.0,0,0.0,0.291666667,1,1,9.5,4,1.1667,1
21,2,1,0,15,7,1,15,0,2,2.0,0.0,0,0.0,0.5,0,0,9.5,2,1.0,0
338,11,1,0,12,28,19,3,11,5,0.64,1.0,6,0.0,0.324675325,0,0,28.81818182,4,1.1818,1
188,8,3,0,5,21,4,2,3,7,0.35714285700000004,1.0,1,0.7777777779999999,0.270833333,1,2,22.25,5,1.25,1
63,3,3,0,3,10,1,1,2,3,0.5,1.0,0,0.75,0.666666667,0,0,19.0,1,0.3333,0
337,6,1,0,6,39,0,1,5,5,0.6,1.0,1,0.0,0.333333333,0,0,54.33333333,4,1.3333,1
176,13,3,0,6,30,0,1,6,11,0.4166666670000001,1.0,1,0.571428571,0.192307692,2,2,12.38461538,6,1.3077,0
275,12,1,10,13,13,0,13,0,8,0.454545455,1.0,0,0.0,0.444444444,0,0,21.66666667,7,2.0833,0
133,8,1,1,3,15,0,2,1,7,0.571428571,1.0,0,0.0,0.35,0,0,15.25,4,1.75,0
382,10,2,0,9,27,15,0,9,4,0.333333333,1.0,0,0.842105263,0.3375,1,6,37.1,1,0.9,1
1224,9,1,0,5,18,0,2,3,8,0.5,1.0,0,0.0,0.5,0,0,134.5555556,3,1.0,1
557,15,2,1,19,50,0,2,18,13,0.476190476,1.0,1,0.611111111,0.251851852,1,5,35.93333333,6,1.2667,1
218,13,3,0,6,31,0,1,6,11,0.375,1.0,2,0.571428571,0.208791209,2,2,15.61538462,6,1.3077,0
10,2,2,0,3,4,1,0,3,2,2.0,0.0,0,0.666666667,0.666666667,0,0,4.0,1,0.5,0
125,8,3,0,3,19,12,2,2,4,0.666666667,0.666666667,1,0.75,0.3,2,8,14.25,1,0.875,0
116,10,3,0,6,27,0,1,6,9,0.111111111,1.0,1,0.64,0.214285714,2,2,10.5,4,1.3,1
169,1,1,0,2,1,0,2,0,0,2.0,0.0,0,0.0,0.0,0,0,132.0,0,0.0,1
387,5,3,0,3,18,0,2,1,4,0.55,0.4,1,0.8666666670000001,0.4,1,1,75.4,14,4.8,0
118,5,2,0,6,20,0,1,6,5,0.375,1.0,1,0.2,0.4,1,1,22.2,2,1.0,1
461,16,1,0,8,34,62,2,6,3,0.686666667,1.0,6,0.0,0.28125,0,0,27.1875,4,1.1875,1
112,2,1,0,3,3,1,3,0,0,1.4,0.0,0,0.0,1.0,0,0,52.5,0,0.0,1
65,4,2,0,4,5,0,1,3,3,0.666666667,0.666666667,1,0.7777777779999999,0.476190476,0,0,14.5,4,2.0,1
57,4,2,0,2,13,0,0,2,4,0.166666667,1.0,1,0.4,0.5625,0,0,12.75,2,1.0,1
439,22,2,0,20,60,79,12,12,19,0.7428571429999999,1.0,0,0.387096774,0.119047619,2,6,18.72727273,12,1.7273,1
231,11,1,1,6,20,15,2,4,9,0.514285714,1.0,4,0.0,0.246753247,0,0,19.36363636,1,0.9091,0
247,6,3,0,5,20,5,1,4,5,0.825,0.0,1,0.7222222220000001,0.333333333,1,4,38.83333333,16,3.6667,0
23,3,3,0,6,7,3,1,5,2,2.0,0.0,0,0.9,0.5,1,1,6.666666667,2,1.0,1
8,8,1,0,19,8,28,17,2,8,2.0,0.0,0,0.0,0.3,0,0,0.0,1,1.0,0
32,1,1,0,6,2,0,6,0,0,2.0,0.0,0,0.0,1.0,0,0,24.0,0,0.0,1
938,26,2,1,13,80,53,6,8,18,0.854545455,0.818181818,0,0.314285714,0.29600000000000004,0,0,34.65384615,2,1.0,1
216,6,4,0,13,30,3,9,4,5,0.6,0.333333333,0,0.94047619,0.5,0,0,34.5,1,0.8333,1
404,17,2,0,12,55,12,3,10,13,0.625,1.0,0,0.428571429,0.158823529,2,4,22.52941176,7,2.0588,1
142,24,2,0,9,49,0,0,9,19,0.0,1.0,1,0.705128205,0.21875,1,5,4.875,1,0.9583,1
155,7,1,0,1,10,21,1,0,7,2.0,0.0,0,0.0,0.321428571,0,0,21.14285714,4,2.5714,0
141,5,2,0,6,20,0,1,5,5,0.5,1.0,2,0.5555555560000001,0.4,1,2,26.6,1,0.8,0
237,14,1,0,2,25,3,1,1,13,0.602564103,0.0,0,0.0,0.404761905,0,0,15.5,1,0.9286,0
130,4,1,0,0,18,0,0,0,3,1.166666667,0.5,0,0.0,0.333333333,0,0,30.0,6,2.5,0
319,5,1,0,10,36,2,1,9,0,0.625,1.0,3,0.0,0.333333333,0,0,62.0,1,0.8,1
514,14,3,0,5,29,53,1,4,6,0.692307692,1.0,1,0.541666667,0.333333333,1,4,34.92857143,14,2.2857,0
237,14,1,0,2,25,3,1,1,13,0.602564103,0.0,0,0.0,0.404761905,0,0,15.5,1,0.9286,0
288,10,2,1,6,34,1,3,4,8,0.46031746,1.0,1,0.5,0.5,1,3,27.1,1,0.8,1
48,2,3,0,5,10,1,0,5,2,1.0,1.0,0,0.972222222,0.75,0,0,22.5,1,0.5,0
58,6,1,2,16,14,13,16,0,5,0.8,0.0,0,0.0,0.6,0,0,8.5,1,0.6667,1
100,8,2,0,14,22,0,9,6,6,0.14285714300000002,1.0,1,0.6315789470000001,0.232142857,2,2,11.375,4,1.375,1
178,10,1,0,8,33,25,1,7,10,0.7222222220000001,1.0,2,0.0,0.228571429,0,0,16.4,1,0.9,1
48,2,1,0,2,9,1,1,1,2,2.0,0.0,0,0.0,0.666666667,0,0,23.0,6,3.0,0
601,26,2,0,15,56,0,1,14,17,0.668571429,1.0,1,0.696202532,0.174825175,1,5,21.84615385,6,1.3462,1
39,2,2,0,6,4,1,4,2,0,2.0,0.0,0,0.916666667,0.666666667,1,3,18.5,4,2.0,0
47,7,2,1,2,14,0,1,1,7,0.0,1.0,1,0.7,0.428571429,1,2,5.571428571,1,0.8571,0
23,3,1,0,4,4,3,4,0,3,1.4375,0.0,2,0.0,0.5,0,0,4.0,2,1.0,0
89,7,2,0,8,18,9,3,6,6,0.5,1.0,1,0.666666667,0.265306122,2,3,11.57142857,5,1.5714,1
184,6,3,0,1,19,15,1,0,4,1.12,0.0,0,0.8125,0.5,1,1,28.83333333,14,2.8333,0
434,11,2,0,4,25,0,1,3,7,0.65,1.0,0,0.444444444,0.287878788,1,3,38.09090909,6,1.5455,1
108,8,2,0,5,17,0,1,5,4,0.523809524,1.0,1,0.611111111,0.3,1,3,12.125,1,0.875,1
25,3,1,1,14,4,0,13,1,2,0.666666667,0.333333333,1,0.0,0.583333333,0,0,6.333333333,1,0.6667,0
241,11,1,0,4,25,0,1,3,6,0.52,1.0,1,0.0,0.242857143,0,0,20.45454545,3,1.4545,0
93,5,3,0,3,8,2,1,2,5,0.666666667,1.0,1,0.84,0.36,1,5,17.0,3,1.2,1
175,14,1,0,12,22,61,11,1,13,0.692307692,0.0,3,0.0,0.320512821,0,0,11.28571429,3,0.7143,0
100,5,1,0,8,6,0,8,0,0,0.125,0.0,0,0.0,0.55,0,0,18.2,1,0.4,0
1211,48,1,0,21,119,742,8,20,32,0.89106383,0.64,6,0.0,0.115277778,0,0,23.70833333,2,0.9792,1
179,7,2,0,4,16,0,1,3,6,0.333333333,1.0,2,0.571428571,0.476190476,1,3,24.14285714,1,0.8571,0
297,6,3,0,16,33,3,1,16,6,0.4,1.0,1,0.87804878,0.351851852,2,3,48.16666667,1,0.8333,0
126,8,1,0,1,25,22,1,0,6,0.428571429,1.0,0,0.0,0.17857142899999998,0,0,14.625,5,1.375,0
707,26,1,0,7,55,0,0,7,22,0.344,1.0,4,0.0,0.184615385,0,0,25.80769231,2,1.1538,1
10,10,1,0,3,10,45,3,0,10,2.0,0.0,0,0.0,0.6,0,0,0.0,1,1.0,0
297,15,1,0,9,22,0,8,1,14,0.8520408159999999,0.28571428600000004,3,0.0,0.380952381,0,0,17.86666667,7,0.8,0
70,3,3,0,11,13,1,1,10,3,2.0,0.0,0,0.666666667,0.533333333,1,3,22.33333333,2,1.3333,0
10,10,1,0,16,10,45,6,10,10,2.0,0.0,0,0.0,0.288888889,0,0,0.0,1,1.0,1
10,10,1,0,3,10,45,3,0,10,2.0,0.0,0,0.0,0.6,0,0,0.0,1,1.0,1
224,4,1,0,7,38,0,2,5,0,0.8888888890000001,0.5,3,0.0,0.375,0,0,53.5,2,1.0,1
3709,22,1,0,5,38,153,1,4,7,0.848484848,0.121212121,1,0.0,0.380952381,0,0,166.0909091,236,13.7727,1
103,9,2,2,7,14,8,5,2,6,0.5,1.0,2,0.384615385,0.4074074070000001,1,2,10.22222222,2,1.0,0
116,8,1,0,3,19,2,1,2,6,0.17857142899999998,1.0,2,0.0,0.34375,0,0,13.0,2,1.0,1
60,5,1,0,2,10,0,1,2,4,0.375,1.0,1,0.0,0.6,0,0,10.6,2,1.2,0
5,5,1,0,15,5,10,15,0,5,2.0,0.0,0,0.0,0.6,0,0,0.0,1,1.0,0
257,16,2,0,10,41,10,2,9,15,0.133333333,0.0,0,0.5,0.375,0,0,15.0,2,0.875,1
131,23,1,3,34,28,247,24,13,22,0.909090909,1.0,1,0.0,0.273913043,0,0,4.652173913,1,0.9565,1
108,5,1,0,7,14,0,3,4,0,0.75,0.333333333,4,0.0,0.4,0,0,19.4,5,1.6,0
38,1,1,0,3,2,0,1,2,0,2.0,0.0,2,0.0,1.0,0,0,33.0,0,0.0,0
204,9,2,3,4,14,0,3,1,6,0.575,0.8,0,0.6190476189999999,0.4166666670000001,1,4,21.11111111,2,1.0,1
35,2,3,0,4,6,0,0,4,2,0.0,1.0,1,0.75,0.75,0,0,16.0,1,0.5,0
184,6,3,0,2,19,15,2,0,4,1.12,0.0,0,0.8125,0.5,1,1,28.83333333,14,2.8333,0
724,57,1,4,80,108,1504,66,16,43,0.867346939,1.0,3,0.0,0.115288221,0,0,11.57894737,12,1.1754,1
354,13,2,0,9,38,0,3,6,4,0.75,0.571428571,6,0.294117647,0.211538462,1,2,25.15384615,1,0.9231,1
313,10,2,0,5,24,0,0,5,10,0.444444444,1.0,0,0.571428571,0.3,2,3,29.8,13,3.1,0
37,2,2,0,5,4,1,3,2,0,2.0,0.0,0,0.916666667,0.666666667,1,3,17.5,4,2.0,1
102,5,2,0,2,16,0,0,2,5,0.5,1.0,1,0.2,0.4,1,1,19.0,2,1.0,1
41,2,3,0,3,6,0,0,3,2,0.0,0.0,0,0.75,0.666666667,0,0,18.5,1,0.5,0
648,9,1,0,8,36,8,1,7,0,0.625,1.0,4,0.0,0.24691358,0,0,70.22222222,4,1.2222,1
107,10,1,0,7,18,0,6,2,10,0.333333333,1.0,2,0.0,0.375,1,1,9.5,4,1.4,1
341,14,1,0,23,35,0,22,1,14,0.5,0.5,0,0.0,0.428571429,0,0,23.21428571,5,2.5714,1
16,1,1,0,5,2,0,4,1,1,2.0,0.0,1,0.0,1.0,0,0,12.0,0,0.0,1
383,6,1,0,8,29,0,2,6,0,0.436363636,0.727272727,5,0.0,0.4791666670000001,0,0,61.0,1,0.6667,1
134,7,2,2,10,27,1,2,8,6,0.333333333,1.0,1,0.666666667,0.342857143,2,3,18.0,5,1.5714,0
1174,27,1,0,1,43,13,1,0,13,0.600961538,1.0,0,0.0,0.25308642,0,0,42.18518519,26,5.7407,0
6,6,1,0,40,6,15,37,4,6,2.0,0.0,0,0.0,0.4166666670000001,0,0,0.0,1,1.0,0
36,2,1,0,2,5,1,2,0,1,2.0,0.0,0,0.0,0.5,0,0,17.0,4,2.0,0
91,16,1,2,42,25,108,40,4,15,0.8666666670000001,1.0,1,0.0,0.185185185,0,0,4.5625,1,0.875,1
201,7,2,0,6,25,0,1,5,5,0.520833333,1.0,2,0.571428571,0.30952381,1,3,26.57142857,1,0.8571,1
523,15,3,0,9,29,15,1,8,11,0.6,0.7,3,0.214285714,0.28571428600000004,1,1,33.2,10,1.7333,0
7,3,1,2,19,4,3,18,1,3,2.0,0.0,0,0.0,1.0,0,0,1.333333333,1,0.6667,1
726,23,1,0,9,34,93,6,3,22,0.704545455,1.0,0,0.0,0.198067633,0,0,30.04347826,17,1.8261,1
31,6,2,0,4,10,15,1,3,6,2.0,0.0,0,0.615384615,0.666666667,1,3,4.166666667,1,0.8333,0
278,10,1,0,4,37,0,0,4,9,0.388888889,1.0,0,0.0,0.34,0,0,26.6,5,1.6,0
113,6,2,0,4,15,0,1,3,6,0.466666667,1.0,2,0.615384615,0.5,1,3,17.33333333,1,0.8333,0
563,22,1,0,6,52,95,3,6,7,0.7489177490000001,1.0,5,0.0,0.194805195,0,0,24.09090909,5,1.5,1
348,7,1,0,11,37,0,1,11,7,0.69047619,1.0,2,0.0,0.30952381,0,0,47.71428571,1,0.8571,1
47,9,1,15,33,11,34,30,3,7,0.875,1.0,1,0.0,0.4166666670000001,0,0,4.1111111110000005,1,0.8889,0
11,1,2,0,14,2,0,11,3,0,2.0,0.0,1,1.0,1.0,0,0,9.0,0,0.0,0
47,3,2,0,5,9,3,2,3,0,2.0,0.0,0,0.846153846,0.5555555560000001,1,3,14.66666667,4,1.6667,0
21,2,3,0,4,5,1,1,3,2,2.0,0.0,0,0.75,0.75,0,0,9.5,1,0.5,0
990,10,1,0,18,87,0,1,18,0,0.7008547009999999,1.0,5,0.0,0.254545455,0,0,96.7,10,2.4,1
249,13,1,13,45,39,72,42,7,12,0.833333333,1.0,0,0.0,0.230769231,0,0,18.07692308,9,1.8462,0
88,6,1,5,5,18,5,5,0,1,0.6,0.5,0,0.0,0.7,0,0,13.33333333,1,0.5,0
274,5,2,0,6,21,0,3,3,0,0.375,0.0,1,0.7333333329999999,0.5,1,3,53.4,18,5.0,0
16,9,1,0,7,10,36,3,6,8,1.0625,0.0,1,0.0,0.5625,0,0,0.5555555560000001,1,0.8889,0
27,3,1,0,0,8,3,0,0,1,1.0,0.0,0,0.0,0.333333333,0,0,7.666666667,2,1.0,0
449,20,2,0,15,52,86,5,14,9,0.669172932,1.0,3,0.32,0.223684211,1,3,21.1,6,1.75,1
14,5,2,5,15,7,10,10,6,4,2.0,0.0,0,0.75,0.466666667,1,1,1.8,1,0.8,0
318,14,2,0,6,38,0,1,6,11,0.384615385,1.0,0,0.5,0.171428571,2,5,21.57142857,6,1.5714,1
12,1,1,1,19,2,0,19,0,1,2.0,0.0,0,0.0,1.0,0,0,9.0,0,0.0,0
8,3,1,6,13,4,3,12,1,3,2.0,0.0,0,0.0,0.666666667,0,0,1.666666667,1,0.6667,0
175,9,2,2,3,11,8,2,1,8,0.5,0.75,0,0.6190476189999999,0.333333333,1,3,18.0,1,0.8889,1
21,3,1,0,6,7,3,3,5,2,2.0,0.0,0,0.0,0.666666667,0,0,6.0,1,0.6667,0
21,6,1,5,25,8,15,24,1,6,2.0,0.0,0,0.0,0.583333333,0,0,2.5,1,0.8333,0
2,2,1,0,4,2,1,2,2,2,2.0,0.0,0,0.0,1.0,0,0,0.0,1,1.0,0
814,16,1,0,11,68,8,3,9,4,0.683333333,1.0,2,0.0,0.236111111,0,0,49.375,2,1.0,1
48,2,3,0,5,10,1,0,5,2,1.0,1.0,0,0.977272727,0.75,1,2,22.5,1,0.5,1
20,3,3,0,4,7,3,0,4,3,2.0,0.0,0,0.7142857140000001,0.5555555560000001,2,3,5.666666667,1,0.6667,0
393,17,2,0,11,42,0,2,10,15,0.5625,0.333333333,0,0.5862068970000001,0.352941176,1,5,21.94117647,2,0.8824,1
275,12,1,9,12,13,0,12,0,8,0.454545455,1.0,0,0.0,0.444444444,0,0,21.66666667,7,2.0833,1
1172,16,1,0,25,99,0,3,24,0,0.691666667,0.9375,8,0.0,0.2,0,0,71.25,1,0.8125,1
189,7,2,0,6,13,0,1,5,6,0.5,0.5,0,0.666666667,0.333333333,0,0,25.71428571,1,0.1429,0
815,62,1,4,118,125,1757,93,27,46,0.877794337,1.0,5,0.0,0.102822581,0,0,11.96774194,11,1.2258,1
675,15,1,0,13,54,41,2,11,10,0.804761905,0.533333333,5,0.0,0.237037037,0,0,43.0,3,1.2,1
511,21,2,0,16,58,104,5,15,10,0.65625,1.0,3,0.32,0.2375,1,3,22.95238095,6,1.6667,1
474,17,1,0,9,35,72,2,7,4,0.65,1.0,6,0.0,0.31372549,0,0,26.29411765,4,1.1176,1
297,6,3,0,16,33,3,1,16,6,0.4,1.0,1,0.880952381,0.351851852,2,3,48.16666667,1,0.8333,1
54,7,2,0,3,10,21,3,1,7,2.0,0.0,0,0.7142857140000001,0.5,1,2,6.714285714,1,0.8571,0
361,14,2,0,17,47,73,2,16,4,0.826923077,0.75,3,0.47826087,0.256410256,1,3,24.5,7,1.3571,1
73,5,2,0,2,15,0,0,2,5,0.125,1.0,1,0.333333333,0.55,0,0,13.2,2,1.2,0
67,7,2,0,8,15,0,0,8,6,0.5,0.5,0,0.666666667,0.333333333,0,0,8.285714286000001,1,0.1429,1
361,16,1,0,3,24,0,2,2,12,0.383333333,1.0,2,0.0,0.328125,0,0,21.3125,7,1.75,0
31,6,2,0,4,10,15,1,3,6,2.0,0.0,0,0.615384615,0.666666667,1,3,4.166666667,1,0.8333,0
83,9,1,0,7,10,2,7,0,8,0.666666667,0.666666667,1,0.0,0.5,1,1,7.888888888999999,5,1.1111,0
184,6,3,0,1,19,15,1,0,4,1.12,0.0,0,0.8125,0.5,1,1,28.83333333,14,2.8333,0
68,8,2,4,8,12,8,4,4,8,0.5,1.0,1,0.4166666670000001,0.3125,2,2,7.25,5,1.375,1
981,18,1,0,12,44,0,8,4,4,0.678733032,0.461538462,1,0.0,0.243055556,0,0,52.77777778,4,1.3333,1
241,11,1,0,4,25,0,1,3,6,0.52,1.0,1,0.0,0.242857143,0,0,20.45454545,3,1.4545,0
60,5,1,0,2,10,0,1,2,4,0.375,1.0,1,0.0,0.6,0,0,10.6,2,1.2,1
661,15,1,0,6,41,25,3,5,7,0.747252747,0.846153846,3,0.0,0.202380952,0,0,42.2,6,1.5333,0
36,2,1,0,2,5,1,2,0,1,2.0,0.0,0,0.0,0.5,0,0,17.0,4,2.0,0
65,4,2,0,4,5,0,1,3,3,0.666666667,0.666666667,1,0.7777777779999999,0.476190476,0,0,14.5,4,2.0,0
57,4,3,0,3,10,2,0,3,3,0.666666667,1.0,0,0.571428571,0.625,0,0,12.75,1,0.75,1
23,3,1,0,4,4,3,4,0,3,1.4375,0.0,2,0.0,0.5,0,0,4.0,2,1.0,1
185,10,2,1,2,12,17,1,1,8,0.5555555560000001,0.75,0,0.608695652,0.36,1,3,17.1,1,0.9,0
10,2,2,0,4,4,1,1,3,2,2.0,0.0,0,0.666666667,0.666666667,0,0,4.0,1,0.5,0
21,2,1,0,17,7,1,17,0,2,2.0,0.0,0,0.0,0.5,0,0,9.5,2,1.0,0
477,10,1,1,4,21,0,1,3,1,0.6190476189999999,1.0,1,0.0,0.5,0,0,45.3,2,1.0,1
392,11,2,0,8,21,0,2,6,11,2.0,0.0,0,0.8,0.352272727,1,4,34.63636364,2,0.7273,1
20,4,4,0,1,8,6,1,0,4,2.0,0.0,0,1.0,0.666666667,0,0,4.0,0,0.0,0
138,12,1,0,71,21,0,71,0,9,0.13636363599999998,0.0,0,0.0,0.291666667,1,1,10.33333333,6,1.3333,1
98,3,3,0,5,17,1,1,4,2,0.5,1.0,0,0.8,0.75,0,0,31.0,1,0.3333,1
326,4,3,0,9,19,0,3,7,0,0.5555555560000001,1.0,1,0.869565217,0.34375,1,1,79.75,4,1.5,1
126,8,1,0,1,25,22,1,0,6,0.428571429,1.0,0,0.0,0.17857142899999998,0,0,14.625,5,1.375,0
21,2,3,0,4,5,1,1,3,2,2.0,0.0,0,0.8,0.75,0,0,9.5,1,0.5,1
170,3,3,0,3,13,3,0,3,3,2.0,0.0,0,0.666666667,0.444444444,0,0,55.66666667,3,1.3333,1
1021,28,2,1,16,89,86,6,10,23,0.8444444440000001,0.8,0,0.395348837,0.265432099,1,7,35.10714286,2,1.0,1
83,4,1,0,2,10,0,0,2,4,0.0,0.0,0,0.0,0.4,0,0,19.5,2,0.5,1
164,15,2,0,21,34,0,3,19,14,0.35714285700000004,0.5,1,0.666666667,0.18974359,1,3,9.8,1,0.7333,1
102,5,2,1,3,16,0,1,2,5,0.5,1.0,1,0.2,0.4,1,1,19.0,2,1.0,1
106,7,3,0,5,13,15,2,3,7,0.333333333,1.0,0,0.571428571,0.514285714,0,0,13.85714286,3,0.7143,1
35,2,3,0,4,6,0,0,4,2,0.0,1.0,1,0.8,0.75,0,0,16.0,1,0.5,1
64,2,3,0,8,9,1,2,6,0,2.0,0.0,0,0.952380952,0.583333333,1,1,31.0,1,0.5,0
15,5,2,0,2,6,10,1,1,4,2.0,0.0,0,0.5,1.0,1,1,2.0,1,0.8,0
11,1,2,0,14,2,0,11,3,0,2.0,0.0,1,1.0,1.0,0,0,9.0,0,0.0,1
377,12,1,1,13,33,12,2,12,8,0.690909091,0.8666666670000001,4,0.0,0.21875,0,0,29.16666667,1,0.9167,0
353,12,3,0,8,47,0,2,8,12,0.590909091,1.0,0,0.592592593,0.208333333,2,2,28.08333333,7,1.75,0
286,11,3,0,8,42,0,3,6,10,0.45,1.0,0,0.615384615,0.22077922100000005,2,2,24.81818182,7,1.7273,0
367,13,2,0,10,38,0,3,7,4,0.7666666670000001,0.533333333,6,0.294117647,0.211538462,1,2,26.07692308,1,0.9231,1
38,3,4,0,5,7,3,1,5,2,2.0,0.0,0,0.923076923,0.5,1,1,11.66666667,4,1.6667,1
705,26,1,0,10,55,0,0,10,22,0.344,1.0,4,0.0,0.184615385,0,0,25.73076923,2,1.1538,1
27,3,1,0,0,8,3,0,0,1,1.0,0.0,0,0.0,0.333333333,0,0,7.666666667,2,1.0,0
373,7,2,0,6,30,1,1,5,7,0.0,1.0,0,0.14285714300000002,0.314285714,1,1,51.57142857,12,3.5714,1
395,6,1,0,9,29,0,2,7,0,0.45,0.666666667,5,0.0,0.4791666670000001,0,0,62.83333333,1,0.6667,1
485,7,2,0,2,32,1,1,1,6,0.583333333,1.0,0,0.444444444,0.444444444,1,1,67.42857143,3,1.1429,0
191,13,1,0,8,36,58,1,7,13,0.791666667,1.0,2,0.0,0.201923077,0,0,13.38461538,1,0.9231,1
11,11,1,0,18,11,55,6,12,11,2.0,0.0,0,0.0,0.263636364,0,0,0.0,1,1.0,1
196,15,1,2,19,18,105,19,0,15,2.0,0.0,0,0.0,0.311111111,0,0,12.06666667,1,0.9333,1
318,14,2,0,6,38,0,1,6,11,0.384615385,1.0,0,0.5,0.171428571,2,5,21.57142857,6,1.5714,1
415,17,1,0,24,39,0,22,2,17,0.5,0.5,0,0.0,0.426470588,0,0,23.29411765,5,2.5882,1
249,13,1,15,51,39,72,48,7,12,0.833333333,1.0,0,0.0,0.230769231,0,0,18.07692308,9,1.8462,0
36,1,1,0,8,2,0,8,0,0,2.0,0.0,0,0.0,1.0,0,0,27.0,0,0.0,1
176,4,2,0,3,10,0,1,2,0,0.484848485,1.0,2,0.625,0.625,1,1,40.25,1,0.75,0
179,7,2,0,4,16,0,1,3,6,0.333333333,1.0,2,0.571428571,0.476190476,1,3,24.14285714,1,0.8571,0
104,10,1,0,6,18,0,5,2,10,0.333333333,1.0,2,0.0,0.375,1,1,9.2,4,1.4,0
145,5,1,0,3,14,4,2,1,4,0.583333333,0.666666667,1,0.0,0.5,0,0,27.4,7,2.6,1
20,13,1,0,16,14,78,10,8,12,1.041666667,0.0,1,0.0,0.427083333,0,0,0.384615385,1,0.9231,1
10,2,2,0,3,4,1,0,3,2,2.0,0.0,0,0.666666667,0.666666667,0,0,4.0,1,0.5,0
171,24,2,0,11,50,0,0,11,19,0.0,1.0,1,0.7228915659999999,0.199074074,1,8,6.083333333,1,0.9583,1
62,5,2,0,7,17,0,2,6,5,0.0,1.0,1,0.2,0.4,1,1,11.2,2,1.0,1
44,2,1,0,0,5,1,0,0,0,1.0,0.0,0,0.0,1.0,0,0,17.0,0,0.0,0
89,6,1,4,15,17,13,14,1,5,0.9,0.5,0,0.0,0.6,0,0,13.5,1,0.6667,1
115,8,1,0,3,12,6,3,1,0,0.80952381,0.333333333,1,0.0,0.375,0,0,12.625,2,0.875,1
204,8,2,0,3,13,0,1,2,7,0.5,0.875,1,0.666666667,0.3,1,4,23.5,2,1.0,1
514,14,3,0,5,29,53,1,4,6,0.692307692,1.0,1,0.541666667,0.333333333,1,4,34.92857143,14,2.2857,0
122,4,3,2,4,8,4,2,2,2,0.857142857,1.0,0,0.571428571,0.583333333,0,0,27.75,1,0.75,1
9,2,5,0,3,4,1,2,1,1,2.0,0.0,0,0.8888888890000001,0.666666667,1,1,3.5,1,0.5,0
158,8,2,0,3,15,0,1,2,0,0.571428571,1.0,0,0.5625,0.425,1,3,17.875,1,0.875,0
174,1,1,0,2,1,0,2,0,0,2.0,0.0,0,0.0,0.0,0,0,136.0,0,0.0,1
8,8,1,0,27,8,28,25,2,8,2.0,0.0,0,0.0,0.3,0,0,0.0,1,1.0,0
237,14,1,0,2,25,3,1,1,13,0.602564103,0.0,0,0.0,0.404761905,0,0,15.5,1,0.9286,0
12,12,1,0,3,12,66,3,0,12,2.0,0.0,0,0.0,0.583333333,0,0,0.0,1,1.0,1
745,18,1,0,17,61,69,2,16,0,0.8067226890000001,1.0,4,0.0,0.237373737,0,0,40.0,5,1.3333,1
438,15,2,2,4,30,21,3,1,9,0.705357143,0.625,0,0.538461538,0.328571429,1,4,27.66666667,7,1.2667,1
380,5,4,0,2,18,0,1,1,4,0.55,0.4,1,0.8666666670000001,0.4,1,1,74.0,14,4.8,0
54,1,1,0,4,2,0,1,3,0,2.0,0.0,3,0.0,1.0,0,0,48.0,0,0.0,1
1,1,1,0,18,1,0,17,1,1,2.0,0.0,0,0.0,1.0,0,0,0.0,1,1.0,0
14,5,2,5,17,7,10,12,6,4,2.0,0.0,0,0.75,0.466666667,1,1,1.8,1,0.8,0
313,10,2,0,6,24,0,1,5,10,0.444444444,1.0,0,0.571428571,0.3,2,3,29.8,13,3.1,1
120,13,4,0,14,31,0,0,14,13,0.0,1.0,1,0.6,0.205128205,0,0,8.153846154,1,0.9231,0
122,7,3,0,7,22,9,2,6,6,0.7777777779999999,0.333333333,1,0.705882353,0.333333333,2,3,16.0,6,1.7143,1
468,19,1,0,6,48,71,3,6,7,0.75,1.0,5,0.0,0.210526316,0,0,23.10526316,3,1.3158,1
567,8,1,0,2,27,18,1,1,6,0.428571429,1.0,0,0.0,0.314285714,0,0,68.875,8,2.5,1
12,6,1,3,8,7,15,6,2,6,2.0,0.0,0,0.0,0.444444444,1,1,1.0,1,0.8333,1
407,17,2,0,12,55,12,3,10,13,0.625,1.0,0,0.428571429,0.158823529,2,4,22.70588235,7,2.0588,1
199,14,1,0,22,29,67,9,22,12,0.897435897,0.333333333,12,0.0,0.403846154,0,0,12.35714286,1,0.8571,1
3060,36,1,0,5,52,282,1,4,7,0.720300752,0.210526316,1,0.0,0.405714286,0,0,83.47222222,112,7.6389,1
110,5,2,1,7,13,0,2,5,4,0.4375,0.5,1,0.25,0.5,0,0,20.2,4,1.6,1
12,1,1,1,19,2,0,19,0,1,2.0,0.0,0,0.0,1.0,0,0,9.0,0,0.0,0
9,4,1,2,24,5,6,23,1,4,2.0,0.0,0,0.0,1.0,0,0,1.25,1,0.75,1
12,12,1,0,3,12,66,3,0,12,2.0,0.0,0,0.0,0.583333333,0,0,0.0,1,1.0,0
95,5,1,0,6,12,0,5,1,0,0.6785714290000001,0.0,2,0.0,0.533333333,0,0,16.6,1,0.8,0
524,15,3,0,9,29,15,1,8,11,0.6,0.7,3,0.266666667,0.28571428600000004,1,1,33.26666667,10,1.7333,1
1483,14,1,0,5,28,0,2,3,8,0.288461538,1.0,0,0.0,0.320512821,0,0,104.6428571,10,1.8571,0
52,2,3,0,7,12,1,0,7,1,2.0,0.0,0,0.947368421,0.833333333,0,0,25.0,5,2.5,0
292,13,2,0,4,25,0,2,2,10,0.523809524,0.857142857,1,0.56,0.208791209,1,3,20.92307692,2,1.0,1
143,9,2,0,9,26,0,2,8,8,0.3125,0.0,2,0.6,0.222222222,2,4,14.66666667,5,1.3333,1
558,27,2,0,16,84,193,3,16,21,0.8241758240000001,1.0,0,0.697674419,0.168350168,1,9,19.40740741,2,1.037,1
99,7,2,0,6,21,0,1,6,5,0.666666667,0.333333333,0,0.5,0.375,2,2,12.71428571,3,1.0,1
6,6,1,0,47,6,15,44,4,6,2.0,0.0,0,0.0,0.4166666670000001,0,0,0.0,1,1.0,0
218,13,3,0,6,31,0,1,6,11,0.375,1.0,2,0.571428571,0.208791209,2,2,15.61538462,6,1.3077,0
5,1,4,0,5,2,0,5,0,1,2.0,0.0,0,1.0,1.0,0,0,4.0,0,0.0,0
5,2,1,5,25,3,1,24,1,2,2.0,0.0,0,0.0,0.75,0,0,1.5,1,0.5,1
122,7,3,0,7,22,9,2,6,6,0.7777777779999999,0.333333333,1,0.705882353,0.333333333,2,3,16.0,6,1.7143,1
43,3,2,0,4,8,0,1,3,3,0.0,1.0,0,0.666666667,0.833333333,0,0,13.0,1,0.6667,1
23,3,1,0,3,4,3,3,0,3,1.4375,0.0,2,0.0,0.5,0,0,4.0,2,1.0,0
82,5,2,0,2,12,0,1,1,5,0.125,0.5,0,0.5,0.466666667,1,1,15.0,1,0.8,0
100,5,1,0,8,6,0,8,0,0,0.125,0.0,0,0.0,0.55,0,0,18.2,1,0.4,0
141,5,2,0,6,20,0,1,5,5,0.5,1.0,2,0.5555555560000001,0.4,1,2,26.6,1,0.8,0
16,2,2,0,4,3,1,3,1,2,1.0,0.0,0,0.0,0.875,0,0,6.5,0,0.0,1
83,5,2,0,2,18,0,1,1,5,0.375,0.0,0,0.5,0.466666667,1,1,15.2,1,0.8,0
3785,22,1,0,5,38,153,1,4,7,0.8503401359999999,0.114285714,1,0.0,0.380952381,0,0,169.4545455,236,14.0455,0
17,3,2,3,4,5,1,3,1,1,0.5,1.0,0,0.75,0.666666667,0,0,4.333333333,1,0.3333,1
92,7,2,0,6,21,0,1,6,5,0.666666667,0.666666667,0,0.5,0.375,2,2,11.71428571,3,1.0,1
122,7,3,0,7,22,9,2,6,6,0.7777777779999999,0.333333333,1,0.705882353,0.333333333,2,3,16.0,6,1.7143,1
39,2,2,0,6,4,1,4,2,0,2.0,0.0,0,0.916666667,0.666666667,1,3,18.5,4,2.0,0
134,7,2,2,10,27,1,2,8,6,0.333333333,1.0,1,0.666666667,0.342857143,2,3,18.0,5,1.5714,0
7,2,1,0,2,3,1,0,2,2,2.0,0.0,0,0.0,0.75,0,0,2.5,1,0.5,0
5,1,4,0,2,2,0,2,0,1,2.0,0.0,0,1.0,1.0,0,0,4.0,0,0.0,0
47,7,2,1,2,14,0,1,1,7,0.0,1.0,1,0.7142857140000001,0.428571429,1,2,5.571428571,1,0.8571,1
5,1,5,0,4,2,0,4,0,1,2.0,0.0,0,1.0,1.0,0,0,4.0,0,0.0,0
108,5,1,0,7,14,0,3,4,0,0.75,0.333333333,4,0.0,0.4,0,0,19.4,5,1.6,0
63,3,3,0,3,10,1,1,2,3,0.5,1.0,0,0.8,0.666666667,0,0,19.0,1,0.3333,1
102,6,2,0,4,17,3,1,3,4,0.2,1.0,0,0.571428571,0.611111111,0,0,15.83333333,2,0.6667,1
482,20,1,0,18,51,164,12,6,16,0.940789474,0.25,0,0.0,0.261111111,0,0,22.7,8,1.5,1
21,6,1,5,33,8,15,32,1,6,2.0,0.0,0,0.0,0.583333333,0,0,2.5,1,0.8333,0
280,10,3,0,13,42,7,1,12,9,0.638888889,0.5,0,0.72,0.28571428600000004,3,4,26.6,6,1.4,1
338,11,1,0,13,28,19,3,12,5,0.64,1.0,6,0.0,0.324675325,0,0,28.81818182,4,1.1818,1
175,14,1,0,12,22,61,11,1,13,0.692307692,0.0,3,0.0,0.320512821,0,0,11.28571429,3,0.7143,1
21,3,1,0,7,7,3,4,5,2,2.0,0.0,0,0.0,0.666666667,0,0,6.0,1,0.6667,0
461,12,2,0,8,29,26,1,7,7,0.609090909,1.0,3,0.444444444,0.305555556,1,3,36.58333333,2,1.0833,0
13,2,4,0,2,4,1,1,1,1,2.0,0.0,0,0.875,0.666666667,1,1,5.5,2,1.0,0
247,6,3,0,5,20,5,1,4,5,0.825,0.0,1,0.7222222220000001,0.333333333,1,4,38.83333333,16,3.6667,0
5,2,1,6,22,3,1,22,0,2,2.0,0.0,0,0.0,0.666666667,0,0,1.5,1,0.5,0
345,13,2,2,9,34,0,2,7,6,0.666666667,1.0,4,0.4,0.21978022,1,3,24.84615385,3,1.1538,0
357,7,1,1,13,46,0,2,12,7,0.69047619,1.0,2,0.0,0.30952381,0,0,49.0,1,0.8571,0
103,7,1,0,3,12,1,3,0,6,0.27777777800000003,1.0,0,0.0,0.6190476189999999,0,0,13.28571429,3,1.0,1
186,7,2,0,4,27,9,1,3,4,0.333333333,1.0,0,0.5,0.571428571,0,0,25.42857143,2,0.7143,1
65,6,2,0,10,18,9,9,1,5,0.2,1.0,0,0.7333333329999999,0.333333333,1,1,9.666666667000001,3,1.1667,1
9,2,4,1,2,4,1,1,1,1,2.0,0.0,0,0.875,0.666666667,1,1,3.5,1,0.5,0
147,4,1,0,2,17,6,2,0,4,2.0,0.0,0,0.0,0.333333333,0,0,35.75,1,0.75,0
263,17,2,0,9,43,48,2,8,13,0.5625,1.0,2,0.444444444,0.135746606,2,4,14.29411765,7,1.6471,1
93,8,2,0,8,19,8,3,6,7,0.428571429,1.0,1,0.6315789470000001,0.25,2,3,10.5,5,1.5,1
122,7,3,0,7,22,9,2,6,6,0.7777777779999999,0.333333333,1,0.705882353,0.333333333,2,3,16.0,6,1.7143,1
155,7,1,0,1,10,21,1,0,7,2.0,0.0,0,0.0,0.321428571,0,0,21.14285714,4,2.5714,1
47,9,1,17,38,11,34,35,3,7,0.875,1.0,1,0.0,0.4166666670000001,0,0,4.1111111110000005,1,0.8889,1
280,10,1,0,4,37,0,0,4,9,0.388888889,1.0,0,0.0,0.34,0,0,26.8,5,1.6,1
41,2,3,0,3,6,0,0,3,2,0.0,0.0,0,0.8,0.666666667,0,0,18.5,1,0.5,1
133,8,1,1,3,15,0,2,1,7,0.571428571,1.0,0,0.0,0.35,0,0,15.25,4,1.75,1
1192,11,1,0,20,102,1,1,20,0,0.7333333329999999,1.0,5,0.0,0.227272727,0,0,106.0,10,2.3636,0
94,17,1,2,49,26,124,47,4,16,0.875,1.0,1,0.0,0.175,0,0,4.4117647060000005,1,0.8824,1
74,7,2,1,11,20,9,5,7,6,0.5,0.0,1,0.666666667,0.265306122,2,3,9.428571429,4,1.2857,1
52,4,2,0,4,13,0,1,4,4,0.0,1.0,1,0.25,0.5,0,0,11.75,1,0.75,1
274,5,2,0,6,21,0,3,3,0,0.375,0.0,1,0.7333333329999999,0.5,1,3,53.4,18,5.0,1
205,3,1,0,5,8,3,5,0,0,1.333333333,0.0,0,0.0,0.5,0,0,63.33333333,3,1.0,1
2,2,1,0,2,2,1,2,0,2,2.0,0.0,0,0.0,1.0,0,0,0.0,1,1.0,1
177,13,1,0,15,22,24,14,1,13,0.75,0.166666667,1,0.0,0.384615385,1,1,12.15384615,3,1.0769,1
235,4,1,0,8,39,0,2,6,0,0.8888888890000001,0.5,3,0.0,0.375,0,0,56.25,2,1.0,1
15,4,1,0,12,6,6,11,3,3,1.0,0.0,2,0.0,0.833333333,0,0,2.25,1,0.75,1
25,3,1,1,14,4,0,13,1,2,0.666666667,0.333333333,1,0.0,0.583333333,0,0,6.333333333,1,0.6667,1
664,28,2,0,17,61,0,1,16,17,0.682539683,1.0,1,0.697674419,0.157738095,1,9,22.46428571,6,1.3929,1
339,6,1,0,6,39,0,1,5,5,0.6,1.0,1,0.0,0.333333333,0,0,54.66666667,4,1.3333,1
409,9,2,0,10,31,0,1,9,7,0.545454545,1.0,2,0.5,0.28571428600000004,1,3,43.22222222,2,1.0,0
303,15,2,0,9,43,0,3,7,11,0.589285714,1.0,0,0.461538462,0.191666667,2,3,18.93333333,6,1.8,1
51,2,2,0,5,4,1,3,2,0,2.0,0.0,0,0.916666667,0.666666667,1,3,24.5,6,3.0,0
443,27,2,0,19,64,171,12,11,22,0.7692307690000001,1.0,0,0.333333333,0.102564103,2,6,15.22222222,12,1.5926,1
287,15,2,0,6,27,7,1,6,7,0.6122448979999999,1.0,1,0.44,0.2,1,3,17.66666667,3,1.0667,1
297,15,1,0,9,22,0,8,1,14,0.8520408159999999,0.28571428600000004,3,0.0,0.380952381,0,0,17.86666667,7,0.8,1
2,2,1,0,5,2,1,5,0,2,2.0,0.0,0,0.0,1.0,0,0,0.0,1,1.0,1
357,12,2,1,7,37,0,2,5,9,0.454545455,1.0,1,0.444444444,0.4166666670000001,1,3,28.08333333,1,0.8333,0
176,13,3,0,6,30,0,1,6,11,0.4166666670000001,1.0,1,0.571428571,0.192307692,2,2,12.38461538,6,1.3077,0
100,8,2,0,15,22,0,10,6,6,0.14285714300000002,1.0,1,0.6315789470000001,0.232142857,2,2,11.375,4,1.375,1
1,1,1,0,6,1,0,4,2,1,2.0,0.0,0,0.0,1.0,0,0,0.0,1,1.0,0
173,6,2,0,12,12,1,1,11,6,0.64,1.0,6,0.921568627,0.35,0,0,26.16666667,6,1.5,0
18,1,1,0,2,2,0,1,1,0,2.0,0.0,3,0.0,1.0,0,0,12.0,0,0.0,0
5,1,4,0,28,2,0,28,0,1,2.0,0.0,0,1.0,1.0,0,0,4.0,0,0.0,0
273,16,2,0,9,40,70,2,7,16,0.72,1.0,2,0.548387097,0.5,1,5,15.75,1,0.875,1
2846,80,1,0,23,171,1344,4,22,52,0.843178622,0.7222222220000001,10,0.0,0.1005996,0,0,34.125,4,0.9875,1
410,11,2,0,9,31,23,0,9,5,0.55,1.0,0,0.869565217,0.313131313,1,5,36.09090909,1,0.8182,1
103,9,2,2,7,14,8,5,2,6,0.5,1.0,2,0.384615385,0.4074074070000001,1,2,10.22222222,2,1.0,0
387,5,3,0,3,18,0,2,1,4,0.55,0.4,1,0.8666666670000001,0.4,1,1,75.4,14,4.8,1
83,4,1,0,7,6,0,7,0,2,0.875,0.125,7,0.0,0.5555555560000001,1,1,17.75,5,1.5,0
66,2,1,1,6,16,0,1,5,1,0.0,1.0,1,0.0,0.666666667,0,0,31.5,1,0.5,0
3329,64,1,1,34,151,1520,1,33,40,0.893046107,0.595238095,12,0.0,0.112169312,0,0,50.359375,23,2.4844,1
33,2,1,0,2,4,0,0,2,2,0.0,1.0,0,0.0,0.666666667,0,0,14.5,3,1.5,0
4,4,1,0,23,4,6,22,1,4,2.0,0.0,0,0.0,0.5,0,0,0.0,1,1.0,1
87,1,1,0,3,1,0,3,0,0,2.0,0.0,0,0.0,0.0,0,0,68.0,0,0.0,0
2,2,1,0,2,2,1,1,1,2,2.0,0.0,0,0.0,0.666666667,0,0,0.0,1,1.0,0
177,18,1,3,36,33,141,32,4,18,0.8235294120000001,1.0,1,0.0,0.296296296,0,0,8.777777777999999,1,0.9444,1
5,5,1,0,20,5,10,20,0,5,2.0,0.0,0,0.0,0.6,0,0,0.0,1,1.0,0
184,6,3,0,2,19,15,2,0,4,1.12,0.0,0,0.8125,0.5,1,1,28.83333333,14,2.8333,1
18,2,2,0,3,6,0,0,3,2,0.0,1.0,1,0.5,0.666666667,0,0,7.5,1,0.5,1
36,6,2,0,5,12,3,1,4,5,2.0,0.0,0,0.666666667,0.305555556,1,1,5.0,1,0.8333,0
113,6,2,0,4,15,0,1,3,6,0.466666667,1.0,2,0.615384615,0.5,1,3,17.33333333,1,0.8333,0
2,2,1,0,4,2,1,2,2,2,2.0,0.0,0,0.0,1.0,0,0,0.0,1,1.0,0
131,23,1,3,40,28,247,29,14,22,0.909090909,1.0,1,0.0,0.273913043,0,0,4.652173913,1,0.9565,1
340,10,2,1,6,21,0,3,4,6,0.412698413,1.0,1,0.470588235,0.3,1,3,32.3,2,1.1,1
1174,27,1,0,1,43,13,1,0,13,0.600961538,1.0,0,0.0,0.25308642,0,0,42.18518519,26,5.7407,1
160,8,1,0,6,19,0,3,3,8,0.666666667,1.0,2,0.0,0.34375,0,0,18.25,3,1.125,0
256,15,1,5,31,18,103,31,0,15,0.928571429,1.0,0,0.0,0.28,0,0,16.0,1,0.9333,1
116,8,1,0,4,19,2,1,3,6,0.17857142899999998,1.0,2,0.0,0.34375,0,0,13.0,2,1.0,1
19,5,1,4,8,6,4,7,1,5,0.5,1.0,0,0.0,0.8,0,0,2.6,1,0.8,1
1253,45,2,0,31,137,732,6,28,20,0.899793388,0.590909091,10,0.582524272,0.131118881,1,8,26.35555556,28,1.7556,1
723,14,3,0,13,24,69,0,13,12,0.963369963,0.571428571,0,0.454545455,0.205128205,0,0,49.14285714,1,0.8571,0
133,14,1,6,16,19,79,15,1,11,0.7230769229999999,1.0,0,0.0,0.7857142859999999,0,0,8.142857142999999,3,1.0,1
258,11,1,1,6,21,1,2,4,9,0.514285714,1.0,4,0.0,0.246753247,0,0,21.81818182,1,0.9091,0
8,3,1,6,13,4,3,12,1,3,2.0,0.0,0,0.0,0.666666667,0,0,1.666666667,1,0.6667,1
47,3,2,0,5,9,3,2,3,0,2.0,0.0,0,0.846153846,0.5555555560000001,1,3,14.66666667,4,1.6667,0
201,7,2,1,7,25,0,2,5,5,0.520833333,1.0,2,0.571428571,0.30952381,1,3,26.57142857,1,0.8571,1
340,9,2,0,9,32,0,1,8,9,0.291666667,1.0,2,0.6,0.259259259,2,3,36.44444444,11,3.0,1
18,18,1,0,10,18,153,9,1,18,2.0,0.0,0,0.0,0.37037037,0,0,0.0,1,1.0,1
70,3,3,0,11,13,1,1,10,3,2.0,0.0,0,0.666666667,0.533333333,1,3,22.33333333,2,1.3333,1
112,5,1,0,5,18,4,4,3,4,0.8214285709999999,1.0,2,0.0,0.35,0,0,20.0,2,1.2,1
57,6,2,0,7,14,15,3,5,5,2.0,0.0,0,0.705882353,0.333333333,2,3,8.5,3,1.1667,1
237,14,1,0,2,25,3,1,1,13,0.602564103,0.0,0,0.0,0.404761905,0,0,15.5,1,0.9286,0
130,4,1,0,0,18,0,0,0,3,1.166666667,0.5,0,0.0,0.333333333,0,0,30.0,6,2.5,0
28,3,1,0,4,7,3,2,2,3,2.0,0.0,0,0.0,0.833333333,0,0,8.333333332999999,2,1.0,1
13,2,2,7,8,4,0,7,1,1,0.0,1.0,1,0.75,0.75,0,0,5.0,1,0.5,1
197,13,1,1,41,21,64,41,0,11,0.611111111,1.0,0,0.0,0.292307692,0,0,13.92307692,4,1.4615,0
515,30,4,0,16,75,349,10,8,23,0.936781609,0.666666667,0,0.738317757,0.155172414,1,3,15.76666667,6,1.2667,1
116,9,3,1,8,27,0,1,7,9,0.0,1.0,1,0.666666667,0.259259259,2,2,11.77777778,4,1.3333,0
503,18,1,3,7,28,51,3,4,15,0.8099547509999999,1.0,0,0.0,0.198412698,0,0,26.22222222,19,2.1667,1
88,6,1,5,5,18,5,5,0,1,0.6,0.5,0,0.0,0.7,0,0,13.33333333,1,0.5,0
178,6,1,1,3,16,0,1,2,0,0.466666667,1.0,1,0.0,0.611111111,0,0,28.16666667,3,1.3333,0
10,2,2,0,3,4,1,0,3,2,2.0,0.0,0,0.666666667,0.666666667,0,0,4.0,1,0.5,1
577,16,2,1,22,53,0,2,21,14,0.466666667,1.0,1,0.594594595,0.23125,1,5,34.875,6,1.25,0
55,4,3,0,8,12,4,1,7,3,0.666666667,1.0,0,0.857142857,0.5,1,1,12.5,2,1.0,0
24,5,2,0,4,7,6,1,3,4,0.75,1.0,2,0.571428571,0.625,0,0,3.4,1,0.6,0
447,11,2,0,4,25,0,1,3,7,0.625,1.0,0,0.444444444,0.287878788,1,3,39.27272727,6,1.5455,1
6,6,1,0,11,6,15,11,0,6,2.0,0.0,0,0.0,0.375,0,0,0.0,1,1.0,0
147,6,2,0,9,28,0,1,8,6,0.0,1.0,1,0.705882353,0.333333333,2,3,23.33333333,4,1.5,0
659,10,1,0,9,37,17,1,8,0,0.5555555560000001,1.0,4,0.0,0.27777777800000003,0,0,64.2,4,1.1,1
237,14,1,0,2,25,3,1,1,13,0.602564103,0.0,0,0.0,0.404761905,0,0,15.5,1,0.9286,0
11,1,2,0,14,2,0,11,3,0,2.0,0.0,1,1.0,1.0,0,0,9.0,0,0.0,0
658,11,1,0,10,44,1,2,8,0,0.719047619,0.523809524,7,0.0,0.3666666670000001,0,0,56.90909091,7,1.2727,1
7,4,1,4,14,5,6,14,0,4,2.0,0.0,0,0.0,0.625,0,0,0.75,1,0.75,1
91,6,2,0,10,25,0,2,10,6,0.666666667,0.0,3,0.5,0.333333333,0,0,13.66666667,1,0.8333,1
207,16,2,0,5,26,80,2,5,8,0.8666666670000001,0.857142857,0,0.083333333,0.214285714,0,0,11.5,2,0.75,1
112,6,3,0,3,18,7,1,2,4,0.85,0.5,0,0.7,0.4,1,2,17.0,1,0.5,1
6,3,1,1,6,4,3,5,1,0,2.0,0.0,0,0.0,1.0,0,0,1.0,1,0.6667,0
286,15,1,0,9,22,0,8,1,14,0.900793651,0.222222222,3,0.0,0.380952381,0,0,16.86666667,7,0.8,1
432,18,1,0,30,39,0,28,3,17,0.81372549,0.833333333,2,0.0,0.426470588,0,0,22.66666667,5,2.4444,0
110,6,2,0,3,15,11,0,3,6,0.85,1.0,0,0.5555555560000001,0.388888889,0,0,16.66666667,4,1.5,0
143,10,3,0,3,23,0,1,2,8,0.75,0.5,0,0.538461538,0.288888889,2,2,12.9,2,0.7,0
31,3,2,0,5,8,3,1,4,3,2.0,0.0,0,0.7142857140000001,0.7777777779999999,1,2,9.333333332999999,1,0.6667,1
357,7,1,1,13,46,0,2,12,7,0.69047619,1.0,2,0.0,0.30952381,0,0,49.0,1,0.8571,1
56,8,2,1,2,16,0,1,1,8,0.0,1.0,1,0.681818182,0.395833333,1,2,5.875,1,0.875,1
361,16,1,0,3,24,0,2,2,12,0.383333333,1.0,2,0.0,0.328125,0,0,21.3125,7,1.75,1
82,5,2,0,2,12,0,1,1,5,0.125,0.5,0,0.5,0.466666667,1,2,15.0,1,0.8,0
113,6,3,0,4,15,0,1,3,6,0.466666667,1.0,2,0.615384615,0.5,1,3,17.33333333,1,0.8333,1
112,5,1,0,5,18,4,4,3,4,0.8214285709999999,1.0,2,0.0,0.35,0,0,20.0,2,1.2,1
1,1,1,0,6,1,0,4,2,1,2.0,0.0,0,0.0,1.0,0,0,0.0,1,1.0,1
43,3,2,0,4,8,0,1,3,3,0.0,1.0,0,0.666666667,0.833333333,0,0,13.0,1,0.6667,1
191,7,2,0,9,20,5,2,8,3,0.796296296,0.0,4,0.28571428600000004,0.27777777800000003,0,0,25.0,8,1.7143,0
120,7,3,0,7,21,9,2,6,6,0.7777777779999999,0.333333333,1,0.705882353,0.333333333,2,3,15.71428571,6,1.7143,1
84,5,2,0,19,18,0,8,15,4,0.7857142859999999,0.0,7,0.5,0.4,0,0,14.4,3,1.2,1
193,20,1,3,57,36,176,52,5,19,0.894736842,0.5,1,0.0,0.291666667,0,0,8.55,1,0.95,1
175,14,1,0,12,22,61,11,1,13,0.692307692,0.0,3,0.0,0.320512821,0,0,11.28571429,3,0.7143,1
729,25,1,0,3,35,196,2,2,10,0.968495935,0.707317073,0,0.0,0.214285714,0,0,26.52,3,1.28,0
865,35,2,0,16,103,317,3,16,28,0.81372549,0.8888888890000001,0,0.688679245,0.152380952,1,10,23.45714286,3,1.0571,1
27,4,3,0,3,5,0,1,2,3,1.333333333,0.0,0,0.892857143,0.5,1,2,5.5,1,0.75,1
1531,55,2,1,12,69,0,9,4,54,0.240740741,1.0,0,0.018867925,0.287878788,1,1,26.8,8,1.9455,1
135,7,1,0,4,27,7,4,0,4,0.708333333,0.5,0,0.0,0.388888889,0,0,17.71428571,5,1.4286,1
394,13,2,0,11,39,0,4,7,4,0.761111111,0.533333333,6,0.294117647,0.211538462,1,2,28.15384615,1,0.9231,0
94,17,1,2,53,26,124,51,4,16,0.875,1.0,1,0.0,0.18125,0,0,4.4117647060000005,1,0.8824,1
695,9,2,0,8,38,0,1,7,9,0.083333333,1.0,0,0.222222222,0.314814815,2,2,75.55555556,14,3.2222,1
1,1,1,0,19,1,0,18,1,1,2.0,0.0,0,0.0,1.0,0,0,0.0,1,1.0,0
185,10,2,1,2,12,17,1,1,8,0.5555555560000001,0.75,0,0.653846154,0.36,1,5,17.1,1,0.9,0
31,6,1,6,15,10,9,14,1,4,0.6,1.0,0,0.0,0.5,0,0,4.0,1,0.8333,1
72,7,1,2,28,17,19,26,2,5,0.833333333,0.0,0,0.0,0.388888889,0,0,9.0,1,0.7143,1
93,8,2,0,8,19,8,3,6,7,0.428571429,1.0,1,0.6315789470000001,0.25,2,3,10.5,5,1.5,1
6,6,1,0,48,6,15,45,4,6,2.0,0.0,0,0.0,0.4166666670000001,0,0,0.0,1,1.0,1
293,13,1,9,12,14,8,12,0,9,0.444444444,1.0,0,0.0,0.461538462,0,0,21.30769231,7,2.0769,1
817,21,2,2,10,47,108,3,8,15,0.920833333,0.333333333,1,0.24,0.26875,0,0,37.33333333,2,1.0,1
119,6,1,5,19,19,13,18,1,5,1.0,0.333333333,0,0.0,0.6,0,0,18.33333333,1,0.6667,1
143,9,2,0,10,26,0,3,8,8,0.3125,0.0,2,0.6,0.222222222,2,4,14.66666667,5,1.3333,1
62,3,1,0,1,6,3,1,0,2,2.0,0.0,0,0.0,0.333333333,0,0,19.66666667,4,2.6667,0
57,6,2,0,7,14,15,3,5,5,2.0,0.0,0,0.705882353,0.333333333,2,3,8.5,3,1.1667,1
120,7,3,0,7,21,9,2,6,6,0.7777777779999999,0.333333333,1,0.705882353,0.333333333,2,3,15.71428571,6,1.7143,1
172,2,1,0,6,22,1,0,6,2,2.0,0.0,0,0.0,0.5,0,0,85.0,1,0.5,0
413,17,2,0,13,48,12,4,10,13,0.625,1.0,0,0.428571429,0.158823529,2,4,23.05882353,7,2.0588,1
629,19,1,0,14,45,79,2,12,6,0.7094017090000001,1.0,7,0.0,0.25,0,0,31.42105263,4,1.1053,1
162,6,2,1,4,18,0,1,3,6,0.4,1.0,1,0.28571428600000004,0.4166666670000001,2,2,25.66666667,2,1.0,1
108,5,1,0,7,14,0,3,4,0,0.75,0.333333333,4,0.0,0.4,0,0,19.4,5,1.6,1
354,4,1,0,5,12,2,2,3,2,0.708333333,0.0,0,0.0,0.428571429,0,0,85.5,10,2.75,1
66,2,1,2,7,16,0,2,5,1,0.0,1.0,1,0.0,0.666666667,0,0,31.5,1,0.5,0
133,11,1,0,3,17,19,3,1,0,0.833333333,0.5,1,0.0,0.386363636,0,0,10.54545455,2,0.9091,0
21,6,1,5,38,8,15,37,1,6,2.0,0.0,0,0.0,0.583333333,0,0,2.5,1,0.8333,1
5,1,4,0,2,2,0,2,0,1,2.0,0.0,0,1.0,1.0,0,0,4.0,0,0.0,0
100,5,1,0,8,6,0,8,0,0,0.125,0.0,0,0.0,0.55,0,0,18.2,1,0.4,0
278,9,3,1,6,21,2,3,4,7,0.475,1.0,1,0.533333333,0.355555556,1,3,29.33333333,1,0.7778,1
84,6,2,0,10,20,0,3,9,6,0.0,1.0,1,0.28571428600000004,0.4166666670000001,2,2,12.83333333,2,1.0,1
1498,13,1,0,15,96,60,0,15,8,0.7638888890000001,0.5,1,0.0,0.1875,0,0,113.7692308,3,1.0769,1
409,9,3,0,10,31,0,1,9,7,0.545454545,1.0,2,0.5,0.28571428600000004,1,3,43.22222222,2,1.0,1
33,2,3,0,3,5,0,2,2,1,1.0,1.0,0,0.923076923,0.5,1,4,14.5,1,0.5,0
1538,15,1,0,8,29,0,5,3,9,0.28571428600000004,1.0,0,0.0,0.321428571,0,0,101.2666667,10,2.0,1
78,4,3,0,4,18,2,0,4,2,0.7777777779999999,0.333333333,1,0.7777777779999999,0.4166666670000001,1,2,17.75,1,0.5,0
126,8,1,0,1,25,22,1,0,6,0.428571429,1.0,0,0.0,0.17857142899999998,0,0,14.625,5,1.375,1
6,3,1,1,5,4,3,5,0,0,2.0,0.0,0,0.0,1.0,0,0,1.0,1,0.6667,0
15,4,1,0,16,6,6,15,3,3,1.0,0.0,2,0.0,0.833333333,0,0,2.25,1,0.75,0
7,2,1,0,2,3,1,0,2,2,2.0,0.0,0,0.0,0.75,0,0,2.5,1,0.5,0
18,1,1,0,2,2,0,1,1,0,2.0,0.0,3,0.0,1.0,0,0,12.0,0,0.0,0
90,6,2,0,2,17,0,0,2,6,0.1,1.0,1,0.5,0.583333333,1,1,13.66666667,2,1.1667,1
133,8,1,1,4,15,0,3,1,7,0.571428571,1.0,0,0.0,0.35,0,0,15.25,4,1.75,0
52,2,3,0,7,12,1,0,7,1,2.0,0.0,0,0.947368421,0.833333333,0,0,25.0,5,2.5,1
44,6,2,17,40,10,13,36,4,4,0.8,1.0,1,0.375,0.458333333,0,0,6.166666667,1,0.8333,1
205,15,2,0,24,41,0,4,20,14,0.35714285700000004,0.5,1,0.6764705879999999,0.18974359,1,3,12.53333333,1,0.7333,1
64,2,4,0,8,9,1,2,6,0,2.0,0.0,0,0.952380952,0.583333333,1,1,31.0,1,0.5,1
74,7,2,1,11,20,9,5,7,6,0.5,0.0,1,0.666666667,0.265306122,2,3,9.428571429,4,1.2857,1
74,5,2,0,12,10,2,2,12,5,0.8125,0.0,4,0.5,0.4,0,0,13.0,3,1.6,1
116,8,1,0,4,19,2,1,3,6,0.17857142899999998,1.0,2,0.0,0.34375,0,0,13.0,2,1.0,0
8,5,1,1,7,6,10,5,2,0,2.0,0.0,0,0.0,0.4,0,0,0.6,1,0.8,0
4,4,1,0,25,4,6,24,1,4,2.0,0.0,0,0.0,0.5,0,0,0.0,1,1.0,0
83,9,1,0,11,10,2,11,0,8,0.666666667,0.666666667,1,0.0,0.5,1,1,7.888888888999999,5,1.1111,1
31,3,2,0,4,8,3,0,4,3,2.0,0.0,0,0.7142857140000001,0.7777777779999999,1,2,9.333333332999999,1,0.6667,1
1311,7,2,0,2,10,5,1,2,5,0.583333333,1.0,0,0.428571429,0.4166666670000001,0,0,185.1428571,5,2.1429,1
155,7,1,0,1,10,21,1,0,7,2.0,0.0,0,0.0,0.321428571,0,0,21.14285714,4,2.5714,0
245,12,3,0,5,32,10,3,3,9,0.977272727,0.1875,1,0.4375,0.287878788,2,3,18.08333333,1,0.75,1
6,3,1,3,11,4,3,10,1,0,2.0,0.0,0,0.0,0.5555555560000001,0,0,1.0,1,0.6667,0
1605,20,2,0,23,47,0,10,16,7,0.7850877190000001,0.291666667,11,0.181818182,0.15789473699999998,0,0,78.05,12,3.75,0
332,16,2,0,11,33,26,9,2,11,0.688888889,0.666666667,1,0.566666667,0.175,1,5,19.1875,2,0.9375,0
149,6,2,0,9,28,0,1,8,6,0.0,1.0,1,0.705882353,0.333333333,2,3,23.66666667,4,1.5,1
136,7,2,2,10,27,1,2,8,6,0.333333333,1.0,1,0.666666667,0.342857143,2,3,18.28571429,5,1.5714,1
500,21,3,0,16,56,104,5,15,10,0.65625,1.0,3,0.32,0.2375,1,3,22.42857143,5,1.0952,1
165,3,1,0,0,25,3,0,0,2,2.0,0.0,0,0.0,0.333333333,0,0,54.0,1,0.6667,0
723,14,3,0,13,24,69,0,13,12,0.963369963,0.571428571,0,0.454545455,0.205128205,0,0,49.14285714,1,0.8571,0
359,13,3,0,10,48,0,3,9,13,0.583333333,1.0,0,0.5862068970000001,0.211538462,2,2,26.30769231,7,1.6923,1
236,8,2,0,3,17,0,1,2,6,0.5,0.875,1,0.708333333,0.270833333,1,4,27.5,2,1.0,0
31,6,3,0,4,10,15,1,3,6,2.0,0.0,0,0.615384615,0.666666667,1,3,4.166666667,1,0.8333,1
147,4,1,0,2,17,6,2,0,4,2.0,0.0,0,0.0,0.333333333,0,0,35.75,1,0.75,1
44,3,2,0,4,6,0,2,3,3,0.333333333,0.0,3,0.5,0.466666667,0,0,12.66666667,3,1.3333,0
172,4,1,0,29,5,0,29,0,1,0.148148148,0.0,0,0.0,0.45,0,0,39.75,8,4.25,1
11,11,1,0,18,11,55,6,12,11,2.0,0.0,0,0.0,0.263636364,0,0,0.0,1,1.0,1
182,4,2,0,4,10,0,2,2,0,0.484848485,1.0,2,0.625,0.625,1,1,41.75,2,1.25,0
31,2,1,0,5,5,0,1,5,2,1.166666667,0.0,4,0.0,0.666666667,0,0,11.5,1,0.5,0
238,5,1,0,10,16,0,1,9,2,0.75,0.14285714300000002,6,0.0,0.4166666670000001,0,0,43.8,1,0.6,0
116,8,3,0,4,21,8,0,4,7,0.28571428600000004,1.0,1,0.3,0.4375,2,2,13.25,2,1.0,1
708,5,3,0,3,15,2,0,3,3,0.75,0.5,0,0.7,0.333333333,1,2,139.8,79,16.2,0
102,6,2,0,5,17,3,2,3,4,0.2,1.0,0,0.571428571,0.611111111,0,0,15.83333333,2,0.6667,1
199,14,1,1,23,29,67,10,22,12,0.897435897,0.333333333,12,0.0,0.403846154,0,0,12.35714286,1,0.8571,1
100,5,2,0,3,19,0,1,2,5,0.375,0.0,0,0.5,0.466666667,1,2,18.6,1,0.8,0
409,9,2,0,13,46,32,2,12,3,0.90625,0.5,1,0.4166666670000001,0.25,0,0,44.0,1,0.7778,0
15,3,1,6,28,5,3,25,3,3,2.0,0.0,0,0.0,0.833333333,0,0,4.0,1,0.6667,1
348,11,2,0,6,27,0,1,5,11,0.45,1.0,0,0.571428571,0.287878788,2,3,30.09090909,15,3.0909,1
178,13,3,0,6,29,38,2,4,11,0.716666667,0.6,1,0.466666667,0.28571428600000004,1,2,12.30769231,1,0.6154,1
155,8,3,0,2,23,26,0,2,6,0.928571429,0.0,0,0.913793103,0.5,0,0,18.125,1,0.625,1
98,11,2,0,2,25,0,1,1,11,0.35,0.0,1,0.62962963,0.242424242,1,5,7.727272727000001,1,0.9091,0
167,9,2,0,12,21,24,2,12,5,0.916666667,0.0,6,0.363636364,0.270833333,0,0,16.55555556,6,2.0,0
447,11,3,0,4,25,0,1,3,7,0.625,1.0,0,0.444444444,0.287878788,1,3,39.27272727,6,1.5455,1
11,5,1,0,6,6,10,2,5,4,1.0,0.0,1,0.0,0.7,0,0,1.0,1,0.8,1
357,12,3,1,7,37,0,2,5,9,0.454545455,1.0,1,0.444444444,0.4166666670000001,1,3,28.08333333,1,0.8333,1
39,2,2,0,6,4,1,4,2,0,2.0,0.0,0,0.923076923,0.666666667,1,3,18.5,4,2.0,1
117,6,2,1,7,13,0,2,5,4,0.6,1.0,2,0.25,0.5,0,0,18.0,4,1.3333,1
584,13,2,0,14,52,0,3,14,5,0.7638888890000001,0.333333333,5,0.352941176,0.179487179,0,0,43.0,20,3.3077,0
121,13,1,6,16,19,70,15,1,11,0.729166667,1.0,0,0.0,0.7692307690000001,0,0,8.0,2,1.0,1
30,6,2,0,8,8,15,2,8,1,1.0,0.0,2,0.444444444,0.333333333,0,0,3.666666667,1,0.8333,0
28,5,2,0,10,7,10,3,8,3,1.0,0.0,2,0.5,0.4,0,0,4.2,1,0.8,0
15,7,1,3,9,8,21,6,4,0,1.0,0.0,1,0.0,0.342857143,0,0,1.0,1,0.8571,0
118,8,3,0,8,29,0,0,8,7,0.14285714300000002,1.0,1,0.333333333,0.375,1,1,13.625,3,1.0,1
454,20,2,0,9,46,102,2,8,16,0.578947368,1.0,2,0.413793103,0.128125,2,4,21.55,7,1.8,1
146,7,2,0,9,19,0,2,9,5,0.694444444,0.0,4,0.444444444,0.27777777800000003,0,0,19.0,3,1.0,0
15,7,1,1,7,8,21,4,4,0,1.0,0.0,1,0.0,0.342857143,0,0,1.0,1,0.8571,0
133,4,3,0,5,15,4,1,4,2,0.75,0.5,0,0.7777777779999999,0.4166666670000001,1,2,31.25,1,0.5,0
184,6,3,0,2,19,15,2,0,4,1.12,0.0,0,0.8125,0.5,1,1,28.83333333,14,2.8333,1
185,5,2,0,10,23,6,1,10,2,0.8,0.0,3,0.4,0.333333333,0,0,35.0,1,0.6,1
346,7,2,0,3,32,1,1,2,6,0.583333333,1.0,0,0.444444444,0.444444444,1,2,47.57142857,2,0.8571,0
8,5,1,1,8,6,10,6,3,0,2.0,0.0,0,0.0,0.466666667,0,0,0.6,1,0.8,0
31,4,2,0,4,9,0,2,3,3,0.833333333,0.5,0,0.25,0.4166666670000001,0,0,6.25,1,0.75,1
18,7,1,2,5,9,21,5,1,6,2.0,0.0,0,0.0,0.476190476,0,0,1.571428571,1,0.8571,0
58,4,3,0,4,12,2,0,4,2,0.7777777779999999,0.0,1,0.7777777779999999,0.4,1,2,12.75,1,0.5,0
1901,23,1,0,31,128,39,4,30,0,0.812937063,0.884615385,10,0.0,0.169421488,0,0,80.52173913,6,1.087,1
3574,15,1,0,1,16,99,1,0,14,0.857142857,0.0,0,0.0,0.339285714,0,0,237.2,8,3.3333,1
276,10,2,0,24,37,7,9,18,4,0.759259259,0.0,8,0.333333333,0.188888889,0,0,25.4,4,1.4,0
10,7,1,2,10,8,21,7,3,0,2.0,0.0,0,0.0,0.4,0,0,0.428571429,1,0.8571,0
84,7,2,0,12,15,11,4,12,5,0.7666666670000001,0.4,5,0.705882353,0.6,0,0,10.28571429,1,0.7143,1
1164,23,1,0,12,66,99,3,9,2,0.847593583,0.470588235,4,0.0,0.231404959,0,0,48.86956522,2,0.8696,0
188,5,2,0,3,19,2,0,3,5,0.7,0.8,0,0.625,0.428571429,0,0,35.6,18,4.0,0
5,2,2,2,5,3,1,2,3,2,2.0,0.0,0,0.666666667,0.75,0,0,1.5,1,0.5,0
78,12,1,3,9,18,66,7,2,12,2.0,0.0,0,0.0,0.541666667,1,1,5.5,4,1.1667,1
1021,20,1,0,12,77,64,3,10,5,0.71291866,0.818181818,3,0.0,0.205263158,0,0,49.5,2,1.0,1
577,16,2,1,22,53,0,2,21,14,0.466666667,1.0,1,0.605263158,0.23125,1,5,34.875,6,1.25,1
65,8,2,0,2,19,0,1,1,8,0.428571429,0.0,1,0.708333333,0.3,1,4,6.875,1,0.875,0
83,4,1,0,2,10,0,0,2,4,0.0,0.0,0,0.0,0.4,0,0,19.5,2,0.5,0
26,4,4,0,3,7,6,2,2,1,2.0,0.0,0,0.98125,0.5,2,3,5.5,3,1.25,0
107,6,3,0,3,19,7,0,3,3,0.8,0.5,0,0.636363636,0.4,2,3,16.16666667,1,0.6667,1
179,7,3,0,4,16,0,1,3,6,0.333333333,1.0,2,0.571428571,0.476190476,1,3,24.14285714,1,0.8571,1
197,13,1,1,41,21,64,41,0,11,0.611111111,1.0,0,0.0,0.292307692,0,0,13.92307692,4,1.4615,1
314,18,1,7,40,22,147,40,0,17,0.921568627,1.0,0,0.0,0.25,0,0,16.27777778,1,0.9444,1
47,3,2,0,5,9,3,2,3,0,2.0,0.0,0,0.857142857,0.5555555560000001,1,3,14.66666667,4,1.6667,0
97,7,2,0,6,21,0,1,6,5,0.666666667,0.333333333,0,0.5,0.375,2,2,12.42857143,3,1.0,0
5,1,4,0,3,2,0,3,0,1,2.0,0.0,0,1.0,1.0,0,0,4.0,0,0.0,0
8,5,1,1,9,6,10,6,4,0,2.0,0.0,0,0.0,0.466666667,0,0,0.6,1,0.8,0
531,25,2,0,7,63,208,2,7,11,0.8942307690000001,0.7692307690000001,2,0.08,0.17857142899999998,0,0,19.72,4,1.52,1
509,21,1,0,6,54,98,3,6,9,0.765,1.0,5,0.0,0.204081633,0,0,22.76190476,3,1.2857,1
104,10,1,0,7,18,0,6,2,10,0.333333333,1.0,2,0.0,0.375,1,1,9.2,4,1.4,0
12,6,1,3,8,7,15,6,2,6,2.0,0.0,0,0.0,0.444444444,1,1,1.0,1,0.8333,0
453,12,2,0,9,33,34,0,9,5,0.590909091,1.0,0,0.885057471,0.283333333,1,5,36.58333333,3,1.0,0
228,8,2,0,9,18,0,2,8,7,0.5,0.5,0,0.7142857140000001,0.35714285700000004,1,2,27.25,1,0.25,1
389,5,4,0,8,20,0,2,6,0,0.625,1.0,2,0.833333333,0.325,1,1,76.0,5,2.0,1
74,4,3,0,4,14,4,1,3,2,0.833333333,0.0,0,0.7777777779999999,0.4166666670000001,1,2,17.0,1,0.5,0
480,12,1,0,15,34,26,3,14,5,0.675324675,0.928571429,6,0.0,0.321428571,0,0,37.83333333,4,1.1667,1
719,26,1,0,13,58,0,0,13,22,0.344,1.0,4,0.0,0.184615385,0,0,26.26923077,2,1.1538,1
224,14,3,0,7,32,0,1,7,12,0.423076923,1.0,2,0.566666667,0.214285714,2,2,14.85714286,6,1.2857,1
3060,35,1,0,5,51,253,1,4,7,0.7198142409999999,0.210526316,1,0.0,0.405882353,0,0,85.88571429,112,7.8286,1
414,9,1,0,9,51,14,3,6,5,0.703125,0.75,2,0.0,0.303571429,0,0,44.11111111,4,1.0,0
9,2,5,0,3,4,1,2,1,1,2.0,0.0,0,0.928571429,0.666666667,1,1,3.5,1,0.5,1
37,2,1,0,1,7,1,0,1,2,2.0,0.0,0,0.0,0.75,0,0,17.5,3,1.5,0
49,7,1,0,4,8,19,4,0,7,0.979166667,0.0,2,0.0,0.523809524,0,0,4.857142857,2,0.7143,1
478,17,2,2,4,33,42,3,1,10,0.6953125,0.625,0,0.548387097,0.302083333,1,5,26.64705882,8,1.2941,0
127,4,1,0,0,18,0,0,0,3,1.166666667,0.5,0,0.0,0.333333333,0,0,29.25,6,2.5,1
5,2,1,3,16,3,1,15,1,2,2.0,0.0,0,0.0,1.0,0,0,1.5,1,0.5,1
22,4,2,4,10,6,0,9,1,2,0.333333333,1.0,0,0.7142857140000001,0.75,0,0,4.25,1,0.5,1
15,7,1,1,6,9,21,2,5,1,2.0,0.0,0,0.0,0.428571429,0,0,1.142857143,1,0.8571,1
20,3,2,8,9,6,0,8,1,2,0.0,1.0,1,0.7142857140000001,0.666666667,0,0,5.333333333,1,0.6667,1
200,28,2,0,12,57,0,0,12,23,0.0,1.0,1,0.73,0.185714286,1,9,6.107142857,1,0.9643,1
514,14,3,0,5,29,53,1,4,6,0.692307692,1.0,1,0.541666667,0.333333333,1,4,34.92857143,14,2.2857,1
247,6,3,0,5,20,5,1,4,5,0.825,0.0,1,0.7222222220000001,0.333333333,1,4,38.83333333,16,3.6667,1
178,6,1,1,3,16,0,1,2,0,0.466666667,1.0,1,0.0,0.611111111,0,0,28.16666667,3,1.3333,1
596,25,2,2,20,82,160,5,18,8,0.881944444,0.833333333,5,0.768421053,0.197916667,2,8,22.36,3,1.08,1
95,5,1,0,5,12,0,4,1,0,0.6785714290000001,0.0,2,0.0,0.533333333,0,0,16.6,1,0.8,0
20,13,1,0,17,14,78,11,8,12,1.041666667,0.0,1,0.0,0.427083333,0,0,0.384615385,1,0.9231,1
13,2,4,0,2,4,1,1,1,1,2.0,0.0,0,0.923076923,0.666666667,1,1,5.5,2,1.0,1
567,8,1,0,2,27,18,1,1,6,0.428571429,1.0,0,0.0,0.314285714,0,0,68.875,8,2.5,1
8474,166,1,0,44,392,6747,16,34,88,0.8865375059999999,0.7377049179999999,12,0.0,0.07003367,0,0,49.68072289,7,1.3795,1
386,16,2,0,9,41,2,1,9,15,0.577777778,0.333333333,0,0.6333333329999999,0.3625,1,6,22.9375,2,0.8125,1
343,19,1,3,29,25,167,26,3,18,0.962962963,1.0,1,0.0,0.25,0,0,16.89473684,1,0.8947,1
8,8,1,0,30,8,28,28,2,8,2.0,0.0,0,0.0,0.3,0,0,0.0,1,1.0,0
15,5,2,0,2,6,10,1,1,4,2.0,0.0,0,0.5,1.0,1,2,2.0,1,0.8,0
71,5,2,0,7,17,0,2,7,5,0.0,1.0,1,0.333333333,0.533333333,1,1,13.0,1,0.8,0
35,5,1,0,4,6,0,3,1,5,0.666666667,1.0,1,0.0,0.45,0,0,5.4,1,0.6,0
438,20,2,0,22,62,172,2,21,5,0.855263158,0.75,3,0.4,0.245614035,1,4,20.7,7,1.25,1
461,12,3,0,8,29,26,1,7,7,0.609090909,1.0,3,0.444444444,0.305555556,1,3,36.58333333,2,1.0833,1
387,6,1,0,5,12,0,4,1,5,0.44,0.2,1,0.0,0.4,0,0,61.83333333,4,1.6667,0
480,12,2,0,9,39,0,1,8,11,0.454545455,1.0,2,0.545454545,0.229166667,2,2,38.66666667,13,2.6667,1
2,2,1,0,15,2,1,14,1,2,2.0,0.0,0,0.0,1.0,0,0,0.0,1,1.0,1
5,1,4,0,8,2,0,8,0,1,2.0,0.0,0,1.0,1.0,0,0,4.0,0,0.0,0
88,6,1,5,5,18,5,5,0,1,0.6,0.5,0,0.0,0.7,0,0,13.33333333,1,0.5,0
125,3,1,0,3,7,0,2,1,3,0.14285714300000002,0.14285714300000002,1,0.0,0.5555555560000001,0,0,38.33333333,3,1.6667,0
20,4,4,0,1,8,6,1,0,4,2.0,0.0,0,1.0,0.666666667,0,0,4.0,0,0.0,0
240,8,1,0,1,15,4,0,1,6,0.5476190479999999,0.5,1,0.0,0.30952381,0,0,28.25,8,2.75,0
83,4,1,0,7,6,0,7,0,2,0.875,0.125,7,0.0,0.5555555560000001,1,1,17.75,5,1.5,1
8,1,1,2,12,2,0,12,0,0,2.0,0.0,0,0.0,1.0,0,0,3.0,0,0.0,0
249,13,1,15,54,39,72,51,7,12,0.833333333,1.0,0,0.0,0.230769231,0,0,18.07692308,9,1.8462,1
21,2,1,0,17,7,1,17,0,2,2.0,0.0,0,0.0,0.5,0,0,9.5,2,1.0,1
408,5,3,0,3,18,0,2,1,4,0.55,0.4,1,0.8666666670000001,0.4,1,1,79.6,14,4.8,1
599,6,1,0,13,42,0,2,11,2,0.628571429,0.571428571,5,0.0,0.3,0,0,97.66666667,1,0.6667,1
185,7,3,2,4,21,13,2,2,3,0.875,0.75,0,0.583333333,0.3666666670000001,1,2,24.28571429,1,0.7143,1
286,10,3,0,13,41,7,1,12,9,0.638888889,0.5,0,0.72,0.28571428600000004,2,6,27.2,6,1.4,1
24,24,1,0,20,24,276,19,1,24,2.0,0.0,0,0.0,0.291666667,0,0,0.0,1,1.0,1
51,2,2,0,5,4,1,3,2,0,2.0,0.0,0,0.923076923,0.666666667,1,3,24.5,6,3.0,0
6,6,1,0,14,6,15,14,0,6,2.0,0.0,0,0.0,0.375,0,0,0.0,1,1.0,1
100,8,2,0,16,22,0,11,6,6,0.14285714300000002,1.0,1,0.6315789470000001,0.232142857,2,2,11.375,4,1.375,1
9,6,1,1,7,7,15,4,4,0,2.0,0.0,0,0.0,0.3666666670000001,0,0,0.5,1,0.8333,0
340,3,2,0,21,37,0,8,16,2,0.333333333,0.333333333,6,0.5,0.466666667,0,0,110.3333333,1,0.6667,1
856,13,2,0,24,64,72,1,24,2,0.8666666670000001,0.2,2,0.388888889,0.15555555599999998,1,1,64.46153846,4,1.1538,1
120,7,3,0,7,21,9,2,6,6,0.7777777779999999,0.333333333,1,0.705882353,0.333333333,2,3,15.71428571,6,1.7143,1
31,3,2,0,4,8,3,0,4,3,2.0,0.0,0,0.7142857140000001,0.7777777779999999,1,2,9.333333332999999,1,0.6667,1
2,2,1,0,2,2,1,1,1,2,2.0,0.0,0,0.0,0.666666667,0,0,0.0,1,1.0,0
446,27,2,0,20,64,167,13,11,22,0.7615384620000001,1.0,0,0.333333333,0.102564103,2,6,15.33333333,12,1.5926,1
1122,51,1,0,25,77,43,23,2,45,0.655384615,0.230769231,1,0.0,0.28571428600000004,1,1,20.74509804,12,1.7255,1
54,7,2,0,3,10,21,3,1,7,2.0,0.0,0,0.7142857140000001,0.5,1,2,6.714285714,1,0.8571,0
55,3,3,0,5,11,3,0,5,3,1.0,1.0,0,0.958333333,0.666666667,1,2,17.0,1,0.6667,1
298,4,1,0,5,10,4,5,0,0,1.243589744,0.0,0,0.0,0.444444444,0,0,67.0,4,1.75,0
158,8,2,0,3,15,0,1,2,0,0.571428571,1.0,0,0.5625,0.425,1,3,17.875,1,0.875,0
5,1,4,0,36,2,0,36,0,1,2.0,0.0,0,1.0,1.0,0,0,4.0,0,0.0,0
227,14,1,0,4,22,0,3,1,14,0.230769231,1.0,0,0.0,0.428571429,1,1,15.0,6,1.5,0
44,2,1,0,1,5,1,1,0,0,1.0,0.0,0,0.0,1.0,0,0,17.0,0,0.0,1
323,17,2,0,6,34,34,1,6,7,0.7222222220000001,0.7777777779999999,1,0.444444444,0.173611111,1,2,17.47058824,3,1.0,1
179,1,1,0,2,1,0,2,0,0,2.0,0.0,0,0.0,0.0,0,0,140.0,0,0.0,0
227,5,1,0,5,30,0,1,4,0,0.1875,0.0,0,0.0,0.3,0,0,43.6,7,2.6,1
9,2,4,1,2,4,1,1,1,1,2.0,0.0,0,0.923076923,0.666666667,1,1,3.5,1,0.5,0
569,20,3,0,2,29,100,2,1,12,0.671052632,1.0,0,0.538461538,0.233333333,2,11,27.25,6,2.7,1
22,3,4,0,6,6,3,3,5,0,2.0,0.0,0,0.992366412,0.571428571,1,2,6.333333333,1,0.3333,1
1158,27,1,0,1,44,13,1,0,13,0.600961538,1.0,0,0.0,0.25308642,0,0,41.59259259,26,5.6667,0
498,13,2,0,14,43,10,4,13,5,0.729166667,0.0,3,0.352941176,0.208333333,0,0,36.69230769,9,1.8462,1
28,3,1,0,4,7,3,2,2,3,2.0,0.0,0,0.0,0.833333333,0,0,8.333333332999999,2,1.0,0
145,13,1,0,79,22,0,79,0,10,0.125,0.0,0,0.0,0.294871795,1,1,10.0,6,1.2308,1
21,3,1,0,7,7,3,4,5,2,2.0,0.0,0,0.0,0.666666667,0,0,6.0,1,0.6667,1
378,5,2,0,6,25,0,3,3,0,0.375,0.0,1,0.75,0.5,1,3,74.2,26,6.6,0
12,1,1,1,23,2,0,23,0,1,2.0,0.0,0,0.0,1.0,0,0,9.0,0,0.0,1
182,14,3,0,7,31,0,1,7,12,0.461538462,1.0,1,0.566666667,0.196428571,2,2,11.85714286,6,1.2857,1
553,13,1,0,13,61,0,4,9,0,0.881944444,0.333333333,3,0.0,0.179487179,0,0,40.61538462,4,1.0,1
292,12,3,0,10,43,0,4,7,11,0.454545455,1.0,0,0.607142857,0.226190476,2,2,23.16666667,7,1.6667,1
28,7,1,4,12,8,17,11,1,5,0.833333333,1.0,0,0.0,0.380952381,0,0,2.714285714,1,0.7143,0
173,6,2,0,12,12,1,1,11,6,0.64,1.0,6,0.921568627,0.35,0,0,26.16666667,6,1.5,0
447,13,2,0,8,22,38,5,3,10,0.658333333,0.0,1,0.607142857,0.214285714,1,4,32.61538462,8,2.3846,0
593,24,1,3,7,34,140,3,4,21,0.855978261,1.0,0,0.0,0.171875,0,0,23.04166667,20,2.125,1
729,38,4,0,30,97,553,22,10,28,0.93799682,0.411764706,1,0.686956522,0.162162162,1,2,17.73684211,6,1.2895,1
228,14,1,0,9,16,91,9,0,14,2.0,0.0,0,0.0,0.261904762,0,0,15.28571429,2,1.6429,1
2234,64,3,1,39,183,1464,13,33,28,0.903737839,0.580645161,13,0.6050955410000001,0.139194139,2,15,33.421875,30,1.6719,1
969,7,1,0,8,15,1,6,2,5,1.075757576,0.363636364,0,0.0,0.333333333,0,0,135.8571429,14,7.7143,1
725,17,1,0,7,53,38,3,6,9,0.767857143,0.857142857,3,0.0,0.197916667,0,0,40.82352941,6,1.5294,1
3477,81,1,1,34,168,2716,1,33,44,0.908333333,0.571428571,12,0.0,0.093421053,0,0,41.40740741,23,2.1852,1
382,15,2,0,10,43,0,4,7,11,0.614285714,1.0,0,0.461538462,0.191666667,2,3,24.13333333,9,2.1333,1
120,13,4,0,14,31,0,0,14,13,0.0,1.0,1,0.6,0.205128205,0,0,8.153846154,1,0.9231,1
24,5,2,0,4,7,6,1,3,4,0.75,1.0,2,0.571428571,0.625,0,0,3.4,1,0.6,0
48,8,2,2,3,15,8,2,2,7,0.28571428600000004,0.0,0,0.5,0.5,1,1,4.875,1,0.75,0
12,12,1,0,3,12,66,3,0,12,2.0,0.0,0,0.0,0.583333333,0,0,0.0,1,1.0,1
136,7,2,0,14,30,0,2,13,4,0.25,0.0,2,0.5,0.28571428600000004,0,0,18.14285714,1,0.8571,0
599,11,2,0,19,40,17,2,19,2,0.775,0.0,6,0.4,0.222222222,0,0,52.36363636,15,2.8182,1
770,9,2,0,22,46,0,9,16,4,0.836538462,0.0,6,0.222222222,0.232142857,1,1,83.11111111,12,3.6667,1
79,4,3,0,3,12,2,0,3,2,0.75,0.0,0,0.7777777779999999,0.4,1,2,17.75,1,0.5,0
16,8,1,2,9,9,28,5,5,0,1.0,0.0,1,0.0,0.267857143,0,0,0.875,1,0.875,0
17,6,2,5,20,8,15,14,7,5,2.0,0.0,0,0.705882353,0.5,1,1,1.833333333,1,0.8333,1
16,2,2,0,4,3,1,3,1,2,1.0,0.0,0,0.0,0.875,0,0,6.5,0,0.0,1
19,5,1,5,10,6,4,9,1,5,0.5,1.0,0,0.0,0.8,0,0,2.6,1,0.8,1
2,2,1,0,4,2,1,2,2,2,2.0,0.0,0,0.0,1.0,0,0,0.0,1,1.0,0
102,8,2,0,4,15,0,1,4,6,0.8214285709999999,0.75,2,0.14285714300000002,0.238095238,0,0,10.75,3,1.0,1
25,3,1,1,14,4,0,13,1,3,0.666666667,0.333333333,1,0.0,0.583333333,0,0,6.333333333,1,0.6667,1
65,4,2,0,4,5,0,1,3,3,0.666666667,0.666666667,1,0.7777777779999999,0.476190476,0,0,14.5,4,2.0,0
109,7,1,0,4,17,5,1,4,5,0.666666667,1.0,2,0.0,0.392857143,0,0,14.14285714,2,1.2857,1
65,6,2,0,11,18,9,10,1,5,0.2,1.0,0,0.7333333329999999,0.333333333,1,1,9.666666667000001,3,1.1667,1
242,19,2,0,10,36,0,0,10,18,0.537037037,0.666666667,0,0.384615385,0.25,1,2,11.42105263,1,0.4211,1
18,3,2,0,5,6,3,1,4,3,2.0,0.0,0,0.5,0.666666667,0,0,5.0,1,0.6667,0
57,2,1,0,7,5,0,4,5,1,0.833333333,0.0,3,0.0,0.75,0,0,24.5,1,0.5,1
281,11,2,0,11,37,3,3,10,6,0.7571428570000001,0.0,3,0.4,0.2125,0,0,23.90909091,5,1.5455,0
6,3,1,2,5,4,3,4,2,1,2.0,0.0,0,0.0,0.666666667,0,0,1.0,1,0.6667,0
103,9,2,2,7,14,8,5,2,6,0.5,1.0,2,0.384615385,0.4074074070000001,1,2,10.22222222,2,1.0,0
8,5,1,3,13,6,10,10,3,0,2.0,0.0,0,0.0,0.6,0,0,0.6,1,0.8,0
5,1,5,0,5,2,0,5,0,1,2.0,0.0,0,1.0,1.0,0,0,4.0,0,0.0,0
9,6,1,1,5,7,15,3,3,0,2.0,0.0,0,0.0,0.4166666670000001,0,0,0.5,1,0.8333,0
42,4,4,0,6,8,4,2,5,2,2.0,0.0,0,0.896551724,0.35,1,1,9.5,4,1.5,1
318,14,2,0,7,38,0,2,6,11,0.384615385,1.0,0,0.5,0.171428571,2,5,21.57142857,6,1.5714,1
297,6,3,0,16,33,3,1,16,6,0.4,1.0,1,0.88372093,0.351851852,2,3,48.16666667,1,0.8333,1
122,10,3,1,10,28,0,2,8,10,0.0,1.0,1,0.653846154,0.266666667,2,2,11.1,4,1.3,1
123,4,2,0,6,7,0,1,5,3,0.458333333,1.0,1,0.625,0.458333333,0,0,27.75,5,2.75,0
145,5,1,0,3,14,4,2,1,4,0.583333333,0.666666667,1,0.0,0.5,0,0,27.4,7,2.6,0
1041,25,1,0,19,77,170,3,17,0,0.810897436,0.846153846,5,0.0,0.208333333,0,0,40.12,5,1.2,1
191,13,1,0,8,36,58,1,7,13,0.791666667,1.0,2,0.0,0.201923077,0,0,13.38461538,1,0.9231,0
54,6,3,0,3,8,3,1,2,5,1.2,0.0,0,0.833333333,0.5,1,2,7.666666667,1,0.8333,1
28,3,2,0,4,8,0,0,4,3,0.0,1.0,1,0.5,0.666666667,1,1,8.0,1,0.6667,1
55,4,3,0,8,12,4,1,7,3,0.666666667,1.0,0,0.857142857,0.5,1,1,12.5,2,1.0,1
120,7,3,0,7,21,9,2,6,6,0.7777777779999999,0.333333333,1,0.705882353,0.333333333,2,3,15.71428571,6,1.7143,1
190,7,3,1,7,25,0,2,5,5,0.520833333,1.0,2,0.571428571,0.30952381,1,3,25.0,1,0.8571,1
455,13,1,2,14,34,10,3,12,8,0.682291667,0.875,4,0.0,0.230769231,0,0,32.76923077,1,0.9231,1
54,8,2,4,8,11,8,4,4,8,0.428571429,1.0,0,0.4166666670000001,0.3125,2,2,5.625,4,1.25,1
345,13,3,2,9,34,0,2,7,6,0.666666667,1.0,4,0.4,0.21978022,1,3,24.84615385,3,1.1538,1
5,2,1,7,23,3,1,23,0,2,2.0,0.0,0,0.0,0.666666667,0,0,1.5,1,0.5,1
180,10,1,0,6,25,0,3,3,10,0.703703704,1.0,2,0.0,0.325,0,0,16.4,3,1.1,1
1118,37,3,1,22,95,0,4,20,21,0.71031746,1.0,1,0.7307692309999999,0.126689189,2,11,29.02702703,6,1.2973,1
303,10,1,0,7,30,0,1,6,6,0.574074074,1.0,3,0.0,0.228571429,0,0,28.7,4,1.6,0
30,3,3,0,3,11,3,1,3,2,1.5,0.0,0,0.958333333,0.5555555560000001,1,1,8.666666667000001,1,0.6667,1
751,15,2,0,17,58,37,4,17,4,0.7792207790000001,0.0,6,0.35,0.19047619,0,0,48.33333333,5,1.5333,1
2835,76,1,0,53,185,1998,18,46,0,0.941202186,0.409836066,12,0.0,0.06986666700000001,0,0,35.5,23,2.0132,1
1037,29,2,2,18,97,114,8,10,24,0.8464285709999999,0.8,0,0.413043478,0.267857143,1,8,34.41379310000001,3,1.0345,1
356,4,1,0,15,36,4,0,15,2,0.333333333,1.0,1,0.0,0.5,0,0,87.75,1,0.75,1
287,10,1,0,4,38,0,0,4,9,0.388888889,1.0,0,0.0,0.34,0,0,27.5,5,1.6,0
565,23,1,0,31,57,203,25,6,18,0.934343434,0.222222222,0,0.0,0.22173913,0,0,23.17391304,3,1.4783,1
88,3,3,0,11,13,1,1,10,3,1.0,1.0,1,0.666666667,0.533333333,1,3,28.0,3,1.6667,1
90,7,2,0,6,21,0,1,6,5,0.666666667,0.666666667,0,0.5,0.375,2,2,11.42857143,3,1.0,0
60,5,1,0,2,10,0,1,2,4,0.375,1.0,1,0.0,0.6,0,0,10.6,2,1.2,0
481,10,1,1,4,22,0,1,3,1,0.611111111,1.0,1,0.0,0.5,0,0,45.7,2,1.0,0
1568,36,1,0,23,77,92,18,5,8,0.776870748,0.523809524,1,0.0,0.182857143,1,1,41.97222222,4,1.3056,1
2,2,1,0,8,2,1,8,0,2,2.0,0.0,0,0.0,1.0,0,0,0.0,1,1.0,0
33,2,1,0,2,4,0,0,2,2,0.0,1.0,0,0.0,0.666666667,0,0,14.5,3,1.5,0
8,5,1,2,11,6,10,8,4,2,2.0,0.0,0,0.0,0.466666667,0,0,0.6,1,0.8,0
27,3,1,0,0,8,3,0,0,1,1.0,0.0,0,0.0,0.333333333,0,0,7.666666667,2,1.0,0
267,16,2,0,9,40,70,2,7,16,0.72,1.0,2,0.575757576,0.5,1,5,15.375,1,0.875,0
106,3,1,0,5,7,0,4,1,3,0.35714285700000004,0.14285714300000002,1,0.0,0.666666667,0,0,32.0,2,1.0,0
482,17,2,0,8,28,0,2,6,17,2.0,0.0,0,0.709677419,0.307189542,1,6,27.35294118,4,0.8824,1
186,7,2,0,5,27,9,2,3,4,0.333333333,1.0,0,0.5,0.571428571,0,0,25.42857143,2,0.7143,1
722,76,1,4,128,131,2812,104,25,62,0.946666667,0.571428571,1,0.0,0.100833333,0,0,8.407894737000001,12,1.1579,1
69,6,2,0,3,12,3,0,3,6,0.6,1.0,0,0.5555555560000001,0.380952381,0,0,9.833333332999999,1,0.6667,0
90,5,2,0,2,8,8,2,0,3,0.5,0.0,0,0.7142857140000001,0.45,1,2,16.4,3,1.2,0
801,33,2,0,16,69,0,0,16,24,0.7109375,1.0,1,0.701923077,0.170798898,1,9,23.03030303,4,1.1212,1
3,3,1,0,2,3,3,2,0,3,2.0,0.0,0,0.0,1.0,0,0,0.0,1,1.0,0
138,24,1,3,41,29,270,30,14,23,0.913043478,1.0,1,0.0,0.275,0,0,4.708333333,1,0.9583,1
364,13,2,0,13,25,46,3,11,3,0.833333333,0.0,5,0.352941176,0.196969697,0,0,26.30769231,14,2.4615,0
135,13,1,0,4,22,32,3,1,10,0.783333333,0.8,1,0.0,0.269230769,1,1,9.0,7,1.3846,0
36,3,2,0,4,7,0,2,3,3,0.75,0.0,1,0.666666667,0.6,0,0,9.666666667000001,1,0.6667,0
5,5,1,0,17,5,10,17,0,5,2.0,0.0,0,0.0,0.6,0,0,0.0,1,1.0,1
20,3,3,0,4,7,3,0,4,3,2.0,0.0,0,0.7777777779999999,0.5555555560000001,2,3,5.666666667,1,0.6667,0
